a	a	1020	1020	955	0.88
a	aj	1020	243	11	0.01
a	ak	1020	312	45	0.03
a	am	1020	33	0	0.00
a	an	1020	173	0	0.00
a	ap	1020	17	0	0.00
a	ar	1020	202	1	0.00
a	at	1020	247	0	0.00
a	aw	1020	124	0	0.00
a	awk	1020	50	0	0.00
a	aŋ	1020	1243	0	0.00
a	e	1020	39	0	0.00
a	ek	1020	49	0	0.00
a	em	1020	1	0	0.00
a	en	1020	38	0	0.00
a	er	1020	2	0	0.00
a	et	1020	29	0	0.00
a	ew	1020	15	0	0.00
a	ewk	1020	40	0	0.00
a	eŋ	1020	224	0	0.00
a	ij	1020	171	0	0.00
a	ik	1020	25	0	0.00
a	im	1020	5	0	0.00
a	in	1020	87	0	0.00
a	ip	1020	6	0	0.00
a	it	1020	130	3	0.00
a	iw	1020	22	0	0.00
a	iwk	1020	12	0	0.00
a	iŋ	1020	97	0	0.00
a	o	1020	116	0	0.00
a	oj	1020	1	0	0.00
a	ok	1020	153	0	0.00
a	om	1020	5	0	0.00
a	on	1020	35	0	0.00
a	op	1020	3	0	0.00
a	or	1020	14	0	0.00
a	ot	1020	9	0	0.00
a	oŋ	1020	179	0	0.00
a	u	1020	401	0	0.00
a	uj	1020	58	0	0.00
a	uk	1020	88	0	0.00
a	um	1020	9	0	0.00
a	un	1020	47	0	0.00
a	up	1020	25	0	0.00
a	ur	1020	31	0	0.00
a	ut	1020	56	0	0.00
a	uŋ	1020	80	0	0.00
a	ə	1020	646	1	0.00
a	əj	1020	257	0	0.00
a	ək	1020	480	0	0.00
a	əm	1020	68	0	0.00
a	ən	1020	43	1	0.00
a	əp	1020	55	0	0.00
a	ər	1020	72	0	0.00
a	ət	1020	15	0	0.00
a	əŋ	1020	198	2	0.00
aj	a	243	1020	11	0.01
aj	aj	243	243	217	0.81
aj	ak	243	312	0	0.00
aj	am	243	33	0	0.00
aj	an	243	173	0	0.00
aj	ap	243	17	0	0.00
aj	ar	243	202	7	0.02
aj	at	243	247	0	0.00
aj	aw	243	124	0	0.00
aj	awk	243	50	0	0.00
aj	aŋ	243	1243	0	0.00
aj	e	243	39	0	0.00
aj	ek	243	49	0	0.00
aj	em	243	1	0	0.00
aj	en	243	38	0	0.00
aj	er	243	2	0	0.00
aj	et	243	29	0	0.00
aj	ew	243	15	3	0.01
aj	ewk	243	40	0	0.00
aj	eŋ	243	224	0	0.00
aj	ij	243	171	3	0.01
aj	ik	243	25	0	0.00
aj	im	243	5	0	0.00
aj	in	243	87	0	0.00
aj	ip	243	6	0	0.00
aj	it	243	130	0	0.00
aj	iw	243	22	0	0.00
aj	iwk	243	12	0	0.00
aj	iŋ	243	97	0	0.00
aj	o	243	116	0	0.00
aj	oj	243	1	0	0.00
aj	ok	243	153	0	0.00
aj	om	243	5	0	0.00
aj	on	243	35	0	0.00
aj	op	243	3	0	0.00
aj	or	243	14	0	0.00
aj	ot	243	9	0	0.00
aj	oŋ	243	179	0	0.00
aj	u	243	401	0	0.00
aj	uj	243	58	0	0.00
aj	uk	243	88	0	0.00
aj	um	243	9	0	0.00
aj	un	243	47	0	0.00
aj	up	243	25	0	0.00
aj	ur	243	31	0	0.00
aj	ut	243	56	0	0.00
aj	uŋ	243	80	0	0.00
aj	ə	243	646	1	0.00
aj	əj	243	257	0	0.00
aj	ək	243	480	0	0.00
aj	əm	243	68	0	0.00
aj	ən	243	43	0	0.00
aj	əp	243	55	0	0.00
aj	ər	243	72	0	0.00
aj	ət	243	15	0	0.00
aj	əŋ	243	198	0	0.00
ak	a	312	1020	45	0.03
ak	aj	312	243	0	0.00
ak	ak	312	312	251	0.67
ak	am	312	33	0	0.00
ak	an	312	173	0	0.00
ak	ap	312	17	0	0.00
ak	ar	312	202	0	0.00
ak	at	312	247	0	0.00
ak	aw	312	124	0	0.00
ak	awk	312	50	0	0.00
ak	aŋ	312	1243	0	0.00
ak	e	312	39	0	0.00
ak	ek	312	49	0	0.00
ak	em	312	1	0	0.00
ak	en	312	38	0	0.00
ak	er	312	2	0	0.00
ak	et	312	29	0	0.00
ak	ew	312	15	0	0.00
ak	ewk	312	40	1	0.00
ak	eŋ	312	224	0	0.00
ak	ij	312	171	1	0.00
ak	ik	312	25	0	0.00
ak	im	312	5	0	0.00
ak	in	312	87	0	0.00
ak	ip	312	6	0	0.00
ak	it	312	130	1	0.00
ak	iw	312	22	0	0.00
ak	iwk	312	12	0	0.00
ak	iŋ	312	97	0	0.00
ak	o	312	116	0	0.00
ak	oj	312	1	0	0.00
ak	ok	312	153	0	0.00
ak	om	312	5	0	0.00
ak	on	312	35	0	0.00
ak	op	312	3	0	0.00
ak	or	312	14	0	0.00
ak	ot	312	9	0	0.00
ak	oŋ	312	179	0	0.00
ak	u	312	401	2	0.00
ak	uj	312	58	0	0.00
ak	uk	312	88	0	0.00
ak	um	312	9	0	0.00
ak	un	312	47	0	0.00
ak	up	312	25	0	0.00
ak	ur	312	31	0	0.00
ak	ut	312	56	0	0.00
ak	uŋ	312	80	0	0.00
ak	ə	312	646	4	0.00
ak	əj	312	257	2	0.00
ak	ək	312	480	3	0.00
ak	əm	312	68	0	0.00
ak	ən	312	43	0	0.00
ak	əp	312	55	1	0.00
ak	ər	312	72	0	0.00
ak	ət	312	15	0	0.00
ak	əŋ	312	198	0	0.00
am	a	33	1020	0	0.00
am	aj	33	243	0	0.00
am	ak	33	312	0	0.00
am	am	33	33	23	0.53
am	an	33	173	0	0.00
am	ap	33	17	0	0.00
am	ar	33	202	0	0.00
am	at	33	247	0	0.00
am	aw	33	124	0	0.00
am	awk	33	50	0	0.00
am	aŋ	33	1243	4	0.00
am	e	33	39	0	0.00
am	ek	33	49	0	0.00
am	em	33	1	0	0.00
am	en	33	38	0	0.00
am	er	33	2	0	0.00
am	et	33	29	0	0.00
am	ew	33	15	0	0.00
am	ewk	33	40	0	0.00
am	eŋ	33	224	0	0.00
am	ij	33	171	0	0.00
am	ik	33	25	0	0.00
am	im	33	5	0	0.00
am	in	33	87	0	0.00
am	ip	33	6	0	0.00
am	it	33	130	0	0.00
am	iw	33	22	0	0.00
am	iwk	33	12	0	0.00
am	iŋ	33	97	0	0.00
am	o	33	116	0	0.00
am	oj	33	1	0	0.00
am	ok	33	153	0	0.00
am	om	33	5	4	0.12
am	on	33	35	0	0.00
am	op	33	3	0	0.00
am	or	33	14	0	0.00
am	ot	33	9	0	0.00
am	oŋ	33	179	0	0.00
am	u	33	401	0	0.00
am	uj	33	58	0	0.00
am	uk	33	88	0	0.00
am	um	33	9	0	0.00
am	un	33	47	0	0.00
am	up	33	25	0	0.00
am	ur	33	31	0	0.00
am	ut	33	56	0	0.00
am	uŋ	33	80	0	0.00
am	ə	33	646	0	0.00
am	əj	33	257	0	0.00
am	ək	33	480	0	0.00
am	əm	33	68	1	0.01
am	ən	33	43	0	0.00
am	əp	33	55	0	0.00
am	ər	33	72	0	0.00
am	ət	33	15	0	0.00
am	əŋ	33	198	0	0.00
an	a	173	1020	0	0.00
an	aj	173	243	0	0.00
an	ak	173	312	0	0.00
an	am	173	33	0	0.00
an	an	173	173	105	0.44
an	ap	173	17	0	0.00
an	ar	173	202	50	0.15
an	at	173	247	1	0.00
an	aw	173	124	0	0.00
an	awk	173	50	0	0.00
an	aŋ	173	1243	0	0.00
an	e	173	39	0	0.00
an	ek	173	49	0	0.00
an	em	173	1	0	0.00
an	en	173	38	6	0.03
an	er	173	2	0	0.00
an	et	173	29	0	0.00
an	ew	173	15	0	0.00
an	ewk	173	40	0	0.00
an	eŋ	173	224	0	0.00
an	ij	173	171	0	0.00
an	ik	173	25	0	0.00
an	im	173	5	0	0.00
an	in	173	87	0	0.00
an	ip	173	6	0	0.00
an	it	173	130	0	0.00
an	iw	173	22	0	0.00
an	iwk	173	12	0	0.00
an	iŋ	173	97	0	0.00
an	o	173	116	0	0.00
an	oj	173	1	0	0.00
an	ok	173	153	0	0.00
an	om	173	5	0	0.00
an	on	173	35	5	0.02
an	op	173	3	0	0.00
an	or	173	14	3	0.02
an	ot	173	9	0	0.00
an	oŋ	173	179	0	0.00
an	u	173	401	0	0.00
an	uj	173	58	0	0.00
an	uk	173	88	0	0.00
an	um	173	9	0	0.00
an	un	173	47	1	0.00
an	up	173	25	0	0.00
an	ur	173	31	0	0.00
an	ut	173	56	0	0.00
an	uŋ	173	80	0	0.00
an	ə	173	646	0	0.00
an	əj	173	257	0	0.00
an	ək	173	480	1	0.00
an	əm	173	68	0	0.00
an	ən	173	43	0	0.00
an	əp	173	55	0	0.00
an	ər	173	72	0	0.00
an	ət	173	15	0	0.00
an	əŋ	173	198	0	0.00
ap	a	17	1020	0	0.00
ap	aj	17	243	0	0.00
ap	ak	17	312	0	0.00
ap	am	17	33	0	0.00
ap	an	17	173	0	0.00
ap	ap	17	17	9	0.36
ap	ar	17	202	0	0.00
ap	at	17	247	3	0.01
ap	aw	17	124	0	0.00
ap	awk	17	50	0	0.00
ap	aŋ	17	1243	0	0.00
ap	e	17	39	0	0.00
ap	ek	17	49	0	0.00
ap	em	17	1	0	0.00
ap	en	17	38	0	0.00
ap	er	17	2	0	0.00
ap	et	17	29	2	0.05
ap	ew	17	15	0	0.00
ap	ewk	17	40	0	0.00
ap	eŋ	17	224	0	0.00
ap	ij	17	171	0	0.00
ap	ik	17	25	0	0.00
ap	im	17	5	0	0.00
ap	in	17	87	0	0.00
ap	ip	17	6	0	0.00
ap	it	17	130	0	0.00
ap	iw	17	22	0	0.00
ap	iwk	17	12	0	0.00
ap	iŋ	17	97	0	0.00
ap	o	17	116	0	0.00
ap	oj	17	1	0	0.00
ap	ok	17	153	0	0.00
ap	om	17	5	0	0.00
ap	on	17	35	0	0.00
ap	op	17	3	0	0.00
ap	or	17	14	0	0.00
ap	ot	17	9	0	0.00
ap	oŋ	17	179	0	0.00
ap	u	17	401	0	0.00
ap	uj	17	58	0	0.00
ap	uk	17	88	0	0.00
ap	um	17	9	0	0.00
ap	un	17	47	0	0.00
ap	up	17	25	0	0.00
ap	ur	17	31	0	0.00
ap	ut	17	56	0	0.00
ap	uŋ	17	80	0	0.00
ap	ə	17	646	0	0.00
ap	əj	17	257	0	0.00
ap	ək	17	480	0	0.00
ap	əm	17	68	0	0.00
ap	ən	17	43	0	0.00
ap	əp	17	55	2	0.03
ap	ər	17	72	0	0.00
ap	ət	17	15	0	0.00
ap	əŋ	17	198	0	0.00
ar	a	202	1020	1	0.00
ar	aj	202	243	7	0.02
ar	ak	202	312	0	0.00
ar	am	202	33	0	0.00
ar	an	202	173	50	0.15
ar	ap	202	17	0	0.00
ar	ar	202	202	119	0.42
ar	at	202	247	1	0.00
ar	aw	202	124	0	0.00
ar	awk	202	50	0	0.00
ar	aŋ	202	1243	0	0.00
ar	e	202	39	2	0.01
ar	ek	202	49	0	0.00
ar	em	202	1	0	0.00
ar	en	202	38	2	0.01
ar	er	202	2	0	0.00
ar	et	202	29	0	0.00
ar	ew	202	15	0	0.00
ar	ewk	202	40	0	0.00
ar	eŋ	202	224	0	0.00
ar	ij	202	171	0	0.00
ar	ik	202	25	0	0.00
ar	im	202	5	0	0.00
ar	in	202	87	0	0.00
ar	ip	202	6	0	0.00
ar	it	202	130	0	0.00
ar	iw	202	22	0	0.00
ar	iwk	202	12	0	0.00
ar	iŋ	202	97	0	0.00
ar	o	202	116	0	0.00
ar	oj	202	1	0	0.00
ar	ok	202	153	0	0.00
ar	om	202	5	0	0.00
ar	on	202	35	4	0.02
ar	op	202	3	0	0.00
ar	or	202	14	1	0.00
ar	ot	202	9	0	0.00
ar	oŋ	202	179	0	0.00
ar	u	202	401	0	0.00
ar	uj	202	58	0	0.00
ar	uk	202	88	0	0.00
ar	um	202	9	0	0.00
ar	un	202	47	1	0.00
ar	up	202	25	0	0.00
ar	ur	202	31	0	0.00
ar	ut	202	56	0	0.00
ar	uŋ	202	80	0	0.00
ar	ə	202	646	6	0.01
ar	əj	202	257	0	0.00
ar	ək	202	480	3	0.00
ar	əm	202	68	0	0.00
ar	ən	202	43	0	0.00
ar	əp	202	55	0	0.00
ar	ər	202	72	4	0.01
ar	ət	202	15	0	0.00
ar	əŋ	202	198	0	0.00
at	a	247	1020	0	0.00
at	aj	247	243	0	0.00
at	ak	247	312	0	0.00
at	am	247	33	0	0.00
at	an	247	173	1	0.00
at	ap	247	17	3	0.01
at	ar	247	202	1	0.00
at	at	247	247	221	0.81
at	aw	247	124	0	0.00
at	awk	247	50	0	0.00
at	aŋ	247	1243	0	0.00
at	e	247	39	0	0.00
at	ek	247	49	0	0.00
at	em	247	1	0	0.00
at	en	247	38	0	0.00
at	er	247	2	0	0.00
at	et	247	29	13	0.05
at	ew	247	15	0	0.00
at	ewk	247	40	0	0.00
at	eŋ	247	224	0	0.00
at	ij	247	171	1	0.00
at	ik	247	25	0	0.00
at	im	247	5	0	0.00
at	in	247	87	0	0.00
at	ip	247	6	0	0.00
at	it	247	130	5	0.01
at	iw	247	22	0	0.00
at	iwk	247	12	0	0.00
at	iŋ	247	97	0	0.00
at	o	247	116	0	0.00
at	oj	247	1	0	0.00
at	ok	247	153	0	0.00
at	om	247	5	0	0.00
at	on	247	35	0	0.00
at	op	247	3	0	0.00
at	or	247	14	0	0.00
at	ot	247	9	1	0.00
at	oŋ	247	179	0	0.00
at	u	247	401	0	0.00
at	uj	247	58	0	0.00
at	uk	247	88	0	0.00
at	um	247	9	0	0.00
at	un	247	47	0	0.00
at	up	247	25	0	0.00
at	ur	247	31	0	0.00
at	ut	247	56	0	0.00
at	uŋ	247	80	0	0.00
at	ə	247	646	0	0.00
at	əj	247	257	0	0.00
at	ək	247	480	0	0.00
at	əm	247	68	0	0.00
at	ən	247	43	0	0.00
at	əp	247	55	0	0.00
at	ər	247	72	0	0.00
at	ət	247	15	0	0.00
at	əŋ	247	198	0	0.00
aw	a	124	1020	0	0.00
aw	aj	124	243	0	0.00
aw	ak	124	312	0	0.00
aw	am	124	33	0	0.00
aw	an	124	173	0	0.00
aw	ap	124	17	0	0.00
aw	ar	124	202	0	0.00
aw	at	124	247	0	0.00
aw	aw	124	124	93	0.60
aw	awk	124	50	16	0.10
aw	aŋ	124	1243	0	0.00
aw	e	124	39	0	0.00
aw	ek	124	49	0	0.00
aw	em	124	1	0	0.00
aw	en	124	38	0	0.00
aw	er	124	2	0	0.00
aw	et	124	29	0	0.00
aw	ew	124	15	4	0.03
aw	ewk	124	40	4	0.03
aw	eŋ	124	224	3	0.01
aw	ij	124	171	0	0.00
aw	ik	124	25	0	0.00
aw	im	124	5	0	0.00
aw	in	124	87	0	0.00
aw	ip	124	6	0	0.00
aw	it	124	130	0	0.00
aw	iw	124	22	0	0.00
aw	iwk	124	12	0	0.00
aw	iŋ	124	97	0	0.00
aw	o	124	116	0	0.00
aw	oj	124	1	0	0.00
aw	ok	124	153	0	0.00
aw	om	124	5	0	0.00
aw	on	124	35	0	0.00
aw	op	124	3	0	0.00
aw	or	124	14	0	0.00
aw	ot	124	9	0	0.00
aw	oŋ	124	179	0	0.00
aw	u	124	401	3	0.01
aw	uj	124	58	0	0.00
aw	uk	124	88	0	0.00
aw	um	124	9	0	0.00
aw	un	124	47	0	0.00
aw	up	124	25	0	0.00
aw	ur	124	31	0	0.00
aw	ut	124	56	0	0.00
aw	uŋ	124	80	0	0.00
aw	ə	124	646	0	0.00
aw	əj	124	257	0	0.00
aw	ək	124	480	0	0.00
aw	əm	124	68	0	0.00
aw	ən	124	43	0	0.00
aw	əp	124	55	0	0.00
aw	ər	124	72	0	0.00
aw	ət	124	15	0	0.00
aw	əŋ	124	198	0	0.00
awk	a	50	1020	0	0.00
awk	aj	50	243	0	0.00
awk	ak	50	312	0	0.00
awk	am	50	33	0	0.00
awk	an	50	173	0	0.00
awk	ap	50	17	0	0.00
awk	ar	50	202	0	0.00
awk	at	50	247	0	0.00
awk	aw	50	124	16	0.10
awk	awk	50	50	25	0.33
awk	aŋ	50	1243	0	0.00
awk	e	50	39	0	0.00
awk	ek	50	49	0	0.00
awk	em	50	1	0	0.00
awk	en	50	38	0	0.00
awk	er	50	2	0	0.00
awk	et	50	29	0	0.00
awk	ew	50	15	0	0.00
awk	ewk	50	40	8	0.10
awk	eŋ	50	224	0	0.00
awk	ij	50	171	0	0.00
awk	ik	50	25	0	0.00
awk	im	50	5	0	0.00
awk	in	50	87	0	0.00
awk	ip	50	6	0	0.00
awk	it	50	130	0	0.00
awk	iw	50	22	0	0.00
awk	iwk	50	12	0	0.00
awk	iŋ	50	97	0	0.00
awk	o	50	116	0	0.00
awk	oj	50	1	0	0.00
awk	ok	50	153	0	0.00
awk	om	50	5	0	0.00
awk	on	50	35	0	0.00
awk	op	50	3	0	0.00
awk	or	50	14	0	0.00
awk	ot	50	9	0	0.00
awk	oŋ	50	179	0	0.00
awk	u	50	401	0	0.00
awk	uj	50	58	0	0.00
awk	uk	50	88	0	0.00
awk	um	50	9	0	0.00
awk	un	50	47	0	0.00
awk	up	50	25	0	0.00
awk	ur	50	31	0	0.00
awk	ut	50	56	0	0.00
awk	uŋ	50	80	0	0.00
awk	ə	50	646	0	0.00
awk	əj	50	257	0	0.00
awk	ək	50	480	0	0.00
awk	əm	50	68	0	0.00
awk	ən	50	43	0	0.00
awk	əp	50	55	0	0.00
awk	ər	50	72	0	0.00
awk	ət	50	15	0	0.00
awk	əŋ	50	198	0	0.00
aŋ	a	1243	1020	0	0.00
aŋ	aj	1243	243	0	0.00
aŋ	ak	1243	312	0	0.00
aŋ	am	1243	33	4	0.00
aŋ	an	1243	173	0	0.00
aŋ	ap	1243	17	0	0.00
aŋ	ar	1243	202	0	0.00
aŋ	at	1243	247	0	0.00
aŋ	aw	1243	124	0	0.00
aŋ	awk	1243	50	0	0.00
aŋ	aŋ	1243	1243	1221	0.97
aŋ	e	1243	39	0	0.00
aŋ	ek	1243	49	4	0.00
aŋ	em	1243	1	0	0.00
aŋ	en	1243	38	0	0.00
aŋ	er	1243	2	0	0.00
aŋ	et	1243	29	0	0.00
aŋ	ew	1243	15	0	0.00
aŋ	ewk	1243	40	0	0.00
aŋ	eŋ	1243	224	0	0.00
aŋ	ij	1243	171	0	0.00
aŋ	ik	1243	25	0	0.00
aŋ	im	1243	5	0	0.00
aŋ	in	1243	87	0	0.00
aŋ	ip	1243	6	0	0.00
aŋ	it	1243	130	5	0.00
aŋ	iw	1243	22	0	0.00
aŋ	iwk	1243	12	0	0.00
aŋ	iŋ	1243	97	0	0.00
aŋ	o	1243	116	0	0.00
aŋ	oj	1243	1	0	0.00
aŋ	ok	1243	153	0	0.00
aŋ	om	1243	5	0	0.00
aŋ	on	1243	35	0	0.00
aŋ	op	1243	3	0	0.00
aŋ	or	1243	14	0	0.00
aŋ	ot	1243	9	0	0.00
aŋ	oŋ	1243	179	8	0.01
aŋ	u	1243	401	0	0.00
aŋ	uj	1243	58	0	0.00
aŋ	uk	1243	88	0	0.00
aŋ	um	1243	9	0	0.00
aŋ	un	1243	47	0	0.00
aŋ	up	1243	25	0	0.00
aŋ	ur	1243	31	0	0.00
aŋ	ut	1243	56	0	0.00
aŋ	uŋ	1243	80	0	0.00
aŋ	ə	1243	646	0	0.00
aŋ	əj	1243	257	0	0.00
aŋ	ək	1243	480	0	0.00
aŋ	əm	1243	68	0	0.00
aŋ	ən	1243	43	0	0.00
aŋ	əp	1243	55	0	0.00
aŋ	ər	1243	72	0	0.00
aŋ	ət	1243	15	0	0.00
aŋ	əŋ	1243	198	0	0.00
e	a	39	1020	0	0.00
e	aj	39	243	0	0.00
e	ak	39	312	0	0.00
e	am	39	33	0	0.00
e	an	39	173	0	0.00
e	ap	39	17	0	0.00
e	ar	39	202	2	0.01
e	at	39	247	0	0.00
e	aw	39	124	0	0.00
e	awk	39	50	0	0.00
e	aŋ	39	1243	0	0.00
e	e	39	39	23	0.42
e	ek	39	49	9	0.11
e	em	39	1	0	0.00
e	en	39	38	0	0.00
e	er	39	2	0	0.00
e	et	39	29	0	0.00
e	ew	39	15	0	0.00
e	ewk	39	40	0	0.00
e	eŋ	39	224	0	0.00
e	ij	39	171	4	0.02
e	ik	39	25	0	0.00
e	im	39	5	0	0.00
e	in	39	87	0	0.00
e	ip	39	6	0	0.00
e	it	39	130	0	0.00
e	iw	39	22	0	0.00
e	iwk	39	12	0	0.00
e	iŋ	39	97	0	0.00
e	o	39	116	0	0.00
e	oj	39	1	0	0.00
e	ok	39	153	0	0.00
e	om	39	5	0	0.00
e	on	39	35	0	0.00
e	op	39	3	0	0.00
e	or	39	14	0	0.00
e	ot	39	9	0	0.00
e	oŋ	39	179	0	0.00
e	u	39	401	0	0.00
e	uj	39	58	0	0.00
e	uk	39	88	0	0.00
e	um	39	9	0	0.00
e	un	39	47	0	0.00
e	up	39	25	0	0.00
e	ur	39	31	0	0.00
e	ut	39	56	0	0.00
e	uŋ	39	80	0	0.00
e	ə	39	646	0	0.00
e	əj	39	257	0	0.00
e	ək	39	480	0	0.00
e	əm	39	68	0	0.00
e	ən	39	43	0	0.00
e	əp	39	55	0	0.00
e	ər	39	72	0	0.00
e	ət	39	15	0	0.00
e	əŋ	39	198	0	0.00
ek	a	49	1020	0	0.00
ek	aj	49	243	0	0.00
ek	ak	49	312	0	0.00
ek	am	49	33	0	0.00
ek	an	49	173	0	0.00
ek	ap	49	17	0	0.00
ek	ar	49	202	0	0.00
ek	at	49	247	0	0.00
ek	aw	49	124	0	0.00
ek	awk	49	50	0	0.00
ek	aŋ	49	1243	4	0.00
ek	e	49	39	9	0.11
ek	ek	49	49	27	0.38
ek	em	49	1	0	0.00
ek	en	49	38	0	0.00
ek	er	49	2	0	0.00
ek	et	49	29	0	0.00
ek	ew	49	15	0	0.00
ek	ewk	49	40	1	0.01
ek	eŋ	49	224	0	0.00
ek	ij	49	171	0	0.00
ek	ik	49	25	5	0.07
ek	im	49	5	0	0.00
ek	in	49	87	0	0.00
ek	ip	49	6	0	0.00
ek	it	49	130	0	0.00
ek	iw	49	22	0	0.00
ek	iwk	49	12	0	0.00
ek	iŋ	49	97	0	0.00
ek	o	49	116	0	0.00
ek	oj	49	1	0	0.00
ek	ok	49	153	2	0.01
ek	om	49	5	0	0.00
ek	on	49	35	0	0.00
ek	op	49	3	0	0.00
ek	or	49	14	0	0.00
ek	ot	49	9	0	0.00
ek	oŋ	49	179	0	0.00
ek	u	49	401	0	0.00
ek	uj	49	58	0	0.00
ek	uk	49	88	0	0.00
ek	um	49	9	0	0.00
ek	un	49	47	0	0.00
ek	up	49	25	0	0.00
ek	ur	49	31	0	0.00
ek	ut	49	56	0	0.00
ek	uŋ	49	80	0	0.00
ek	ə	49	646	0	0.00
ek	əj	49	257	0	0.00
ek	ək	49	480	0	0.00
ek	əm	49	68	0	0.00
ek	ən	49	43	0	0.00
ek	əp	49	55	0	0.00
ek	ər	49	72	0	0.00
ek	ət	49	15	0	0.00
ek	əŋ	49	198	0	0.00
em	a	1	1020	0	0.00
em	aj	1	243	0	0.00
em	ak	1	312	0	0.00
em	am	1	33	0	0.00
em	an	1	173	0	0.00
em	ap	1	17	0	0.00
em	ar	1	202	0	0.00
em	at	1	247	0	0.00
em	aw	1	124	0	0.00
em	awk	1	50	0	0.00
em	aŋ	1	1243	0	0.00
em	e	1	39	0	0.00
em	ek	1	49	0	0.00
em	em	1	1	0	0.00
em	en	1	38	0	0.00
em	er	1	2	0	0.00
em	et	1	29	0	0.00
em	ew	1	15	0	0.00
em	ewk	1	40	0	0.00
em	eŋ	1	224	0	0.00
em	ij	1	171	0	0.00
em	ik	1	25	0	0.00
em	im	1	5	0	0.00
em	in	1	87	0	0.00
em	ip	1	6	0	0.00
em	it	1	130	0	0.00
em	iw	1	22	0	0.00
em	iwk	1	12	0	0.00
em	iŋ	1	97	0	0.00
em	o	1	116	0	0.00
em	oj	1	1	0	0.00
em	ok	1	153	0	0.00
em	om	1	5	1	0.20
em	on	1	35	0	0.00
em	op	1	3	0	0.00
em	or	1	14	0	0.00
em	ot	1	9	0	0.00
em	oŋ	1	179	0	0.00
em	u	1	401	0	0.00
em	uj	1	58	0	0.00
em	uk	1	88	0	0.00
em	um	1	9	0	0.00
em	un	1	47	0	0.00
em	up	1	25	0	0.00
em	ur	1	31	0	0.00
em	ut	1	56	0	0.00
em	uŋ	1	80	0	0.00
em	ə	1	646	0	0.00
em	əj	1	257	0	0.00
em	ək	1	480	0	0.00
em	əm	1	68	0	0.00
em	ən	1	43	0	0.00
em	əp	1	55	0	0.00
em	ər	1	72	0	0.00
em	ət	1	15	0	0.00
em	əŋ	1	198	0	0.00
en	a	38	1020	0	0.00
en	aj	38	243	0	0.00
en	ak	38	312	0	0.00
en	am	38	33	0	0.00
en	an	38	173	6	0.03
en	ap	38	17	0	0.00
en	ar	38	202	2	0.01
en	at	38	247	0	0.00
en	aw	38	124	0	0.00
en	awk	38	50	0	0.00
en	aŋ	38	1243	0	0.00
en	e	38	39	0	0.00
en	ek	38	49	0	0.00
en	em	38	1	0	0.00
en	en	38	38	19	0.33
en	er	38	2	2	0.05
en	et	38	29	0	0.00
en	ew	38	15	0	0.00
en	ewk	38	40	0	0.00
en	eŋ	38	224	0	0.00
en	ij	38	171	1	0.00
en	ik	38	25	0	0.00
en	im	38	5	0	0.00
en	in	38	87	3	0.02
en	ip	38	6	0	0.00
en	it	38	130	0	0.00
en	iw	38	22	0	0.00
en	iwk	38	12	0	0.00
en	iŋ	38	97	0	0.00
en	o	38	116	0	0.00
en	oj	38	1	0	0.00
en	ok	38	153	0	0.00
en	om	38	5	0	0.00
en	on	38	35	2	0.03
en	op	38	3	0	0.00
en	or	38	14	1	0.02
en	ot	38	9	0	0.00
en	oŋ	38	179	0	0.00
en	u	38	401	0	0.00
en	uj	38	58	0	0.00
en	uk	38	88	0	0.00
en	um	38	9	0	0.00
en	un	38	47	0	0.00
en	up	38	25	0	0.00
en	ur	38	31	0	0.00
en	ut	38	56	0	0.00
en	uŋ	38	80	0	0.00
en	ə	38	646	0	0.00
en	əj	38	257	1	0.00
en	ək	38	480	0	0.00
en	əm	38	68	0	0.00
en	ən	38	43	0	0.00
en	əp	38	55	0	0.00
en	ər	38	72	0	0.00
en	ət	38	15	0	0.00
en	əŋ	38	198	0	0.00
er	a	2	1020	0	0.00
er	aj	2	243	0	0.00
er	ak	2	312	0	0.00
er	am	2	33	0	0.00
er	an	2	173	0	0.00
er	ap	2	17	0	0.00
er	ar	2	202	0	0.00
er	at	2	247	0	0.00
er	aw	2	124	0	0.00
er	awk	2	50	0	0.00
er	aŋ	2	1243	0	0.00
er	e	2	39	0	0.00
er	ek	2	49	0	0.00
er	em	2	1	0	0.00
er	en	2	38	2	0.05
er	er	2	2	0	0.00
er	et	2	29	0	0.00
er	ew	2	15	0	0.00
er	ewk	2	40	0	0.00
er	eŋ	2	224	0	0.00
er	ij	2	171	0	0.00
er	ik	2	25	0	0.00
er	im	2	5	0	0.00
er	in	2	87	0	0.00
er	ip	2	6	0	0.00
er	it	2	130	0	0.00
er	iw	2	22	0	0.00
er	iwk	2	12	0	0.00
er	iŋ	2	97	0	0.00
er	o	2	116	0	0.00
er	oj	2	1	0	0.00
er	ok	2	153	0	0.00
er	om	2	5	0	0.00
er	on	2	35	0	0.00
er	op	2	3	0	0.00
er	or	2	14	0	0.00
er	ot	2	9	0	0.00
er	oŋ	2	179	0	0.00
er	u	2	401	0	0.00
er	uj	2	58	0	0.00
er	uk	2	88	0	0.00
er	um	2	9	0	0.00
er	un	2	47	0	0.00
er	up	2	25	0	0.00
er	ur	2	31	0	0.00
er	ut	2	56	0	0.00
er	uŋ	2	80	0	0.00
er	ə	2	646	0	0.00
er	əj	2	257	0	0.00
er	ək	2	480	0	0.00
er	əm	2	68	0	0.00
er	ən	2	43	0	0.00
er	əp	2	55	0	0.00
er	ər	2	72	0	0.00
er	ət	2	15	0	0.00
er	əŋ	2	198	0	0.00
et	a	29	1020	0	0.00
et	aj	29	243	0	0.00
et	ak	29	312	0	0.00
et	am	29	33	0	0.00
et	an	29	173	0	0.00
et	ap	29	17	2	0.05
et	ar	29	202	0	0.00
et	at	29	247	13	0.05
et	aw	29	124	0	0.00
et	awk	29	50	0	0.00
et	aŋ	29	1243	0	0.00
et	e	29	39	0	0.00
et	ek	29	49	0	0.00
et	em	29	1	0	0.00
et	en	29	38	0	0.00
et	er	29	2	0	0.00
et	et	29	29	1	0.02
et	ew	29	15	0	0.00
et	ewk	29	40	0	0.00
et	eŋ	29	224	0	0.00
et	ij	29	171	4	0.02
et	ik	29	25	0	0.00
et	im	29	5	0	0.00
et	in	29	87	0	0.00
et	ip	29	6	0	0.00
et	it	29	130	8	0.05
et	iw	29	22	0	0.00
et	iwk	29	12	0	0.00
et	iŋ	29	97	0	0.00
et	o	29	116	0	0.00
et	oj	29	1	0	0.00
et	ok	29	153	0	0.00
et	om	29	5	0	0.00
et	on	29	35	0	0.00
et	op	29	3	0	0.00
et	or	29	14	0	0.00
et	ot	29	9	0	0.00
et	oŋ	29	179	0	0.00
et	u	29	401	0	0.00
et	uj	29	58	0	0.00
et	uk	29	88	0	0.00
et	um	29	9	0	0.00
et	un	29	47	0	0.00
et	up	29	25	0	0.00
et	ur	29	31	0	0.00
et	ut	29	56	0	0.00
et	uŋ	29	80	0	0.00
et	ə	29	646	0	0.00
et	əj	29	257	0	0.00
et	ək	29	480	0	0.00
et	əm	29	68	0	0.00
et	ən	29	43	0	0.00
et	əp	29	55	0	0.00
et	ər	29	72	0	0.00
et	ət	29	15	0	0.00
et	əŋ	29	198	0	0.00
ew	a	15	1020	0	0.00
ew	aj	15	243	3	0.01
ew	ak	15	312	0	0.00
ew	am	15	33	0	0.00
ew	an	15	173	0	0.00
ew	ap	15	17	0	0.00
ew	ar	15	202	0	0.00
ew	at	15	247	0	0.00
ew	aw	15	124	4	0.03
ew	awk	15	50	0	0.00
ew	aŋ	15	1243	0	0.00
ew	e	15	39	0	0.00
ew	ek	15	49	0	0.00
ew	em	15	1	0	0.00
ew	en	15	38	0	0.00
ew	er	15	2	0	0.00
ew	et	15	29	0	0.00
ew	ew	15	15	5	0.20
ew	ewk	15	40	0	0.00
ew	eŋ	15	224	0	0.00
ew	ij	15	171	0	0.00
ew	ik	15	25	0	0.00
ew	im	15	5	0	0.00
ew	in	15	87	0	0.00
ew	ip	15	6	0	0.00
ew	it	15	130	0	0.00
ew	iw	15	22	2	0.06
ew	iwk	15	12	0	0.00
ew	iŋ	15	97	0	0.00
ew	o	15	116	0	0.00
ew	oj	15	1	0	0.00
ew	ok	15	153	0	0.00
ew	om	15	5	0	0.00
ew	on	15	35	0	0.00
ew	op	15	3	0	0.00
ew	or	15	14	0	0.00
ew	ot	15	9	0	0.00
ew	oŋ	15	179	0	0.00
ew	u	15	401	0	0.00
ew	uj	15	58	0	0.00
ew	uk	15	88	0	0.00
ew	um	15	9	0	0.00
ew	un	15	47	0	0.00
ew	up	15	25	0	0.00
ew	ur	15	31	0	0.00
ew	ut	15	56	0	0.00
ew	uŋ	15	80	0	0.00
ew	ə	15	646	0	0.00
ew	əj	15	257	0	0.00
ew	ək	15	480	0	0.00
ew	əm	15	68	0	0.00
ew	ən	15	43	0	0.00
ew	əp	15	55	0	0.00
ew	ər	15	72	0	0.00
ew	ət	15	15	0	0.00
ew	əŋ	15	198	0	0.00
ewk	a	40	1020	0	0.00
ewk	aj	40	243	0	0.00
ewk	ak	40	312	1	0.00
ewk	am	40	33	0	0.00
ewk	an	40	173	0	0.00
ewk	ap	40	17	0	0.00
ewk	ar	40	202	0	0.00
ewk	at	40	247	0	0.00
ewk	aw	40	124	4	0.03
ewk	awk	40	50	8	0.10
ewk	aŋ	40	1243	0	0.00
ewk	e	40	39	0	0.00
ewk	ek	40	49	1	0.01
ewk	em	40	1	0	0.00
ewk	en	40	38	0	0.00
ewk	er	40	2	0	0.00
ewk	et	40	29	0	0.00
ewk	ew	40	15	0	0.00
ewk	ewk	40	40	21	0.36
ewk	eŋ	40	224	0	0.00
ewk	ij	40	171	0	0.00
ewk	ik	40	25	0	0.00
ewk	im	40	5	0	0.00
ewk	in	40	87	0	0.00
ewk	ip	40	6	0	0.00
ewk	it	40	130	0	0.00
ewk	iw	40	22	0	0.00
ewk	iwk	40	12	4	0.08
ewk	iŋ	40	97	0	0.00
ewk	o	40	116	0	0.00
ewk	oj	40	1	0	0.00
ewk	ok	40	153	0	0.00
ewk	om	40	5	0	0.00
ewk	on	40	35	0	0.00
ewk	op	40	3	0	0.00
ewk	or	40	14	0	0.00
ewk	ot	40	9	0	0.00
ewk	oŋ	40	179	0	0.00
ewk	u	40	401	0	0.00
ewk	uj	40	58	0	0.00
ewk	uk	40	88	0	0.00
ewk	um	40	9	0	0.00
ewk	un	40	47	0	0.00
ewk	up	40	25	0	0.00
ewk	ur	40	31	0	0.00
ewk	ut	40	56	0	0.00
ewk	uŋ	40	80	0	0.00
ewk	ə	40	646	0	0.00
ewk	əj	40	257	0	0.00
ewk	ək	40	480	0	0.00
ewk	əm	40	68	0	0.00
ewk	ən	40	43	0	0.00
ewk	əp	40	55	0	0.00
ewk	ər	40	72	0	0.00
ewk	ət	40	15	0	0.00
ewk	əŋ	40	198	0	0.00
eŋ	a	224	1020	0	0.00
eŋ	aj	224	243	0	0.00
eŋ	ak	224	312	0	0.00
eŋ	am	224	33	0	0.00
eŋ	an	224	173	0	0.00
eŋ	ap	224	17	0	0.00
eŋ	ar	224	202	0	0.00
eŋ	at	224	247	0	0.00
eŋ	aw	224	124	3	0.01
eŋ	awk	224	50	0	0.00
eŋ	aŋ	224	1243	0	0.00
eŋ	e	224	39	0	0.00
eŋ	ek	224	49	0	0.00
eŋ	em	224	1	0	0.00
eŋ	en	224	38	0	0.00
eŋ	er	224	2	0	0.00
eŋ	et	224	29	0	0.00
eŋ	ew	224	15	0	0.00
eŋ	ewk	224	40	0	0.00
eŋ	eŋ	224	224	207	0.86
eŋ	ij	224	171	0	0.00
eŋ	ik	224	25	0	0.00
eŋ	im	224	5	0	0.00
eŋ	in	224	87	3	0.01
eŋ	ip	224	6	0	0.00
eŋ	it	224	130	0	0.00
eŋ	iw	224	22	0	0.00
eŋ	iwk	224	12	0	0.00
eŋ	iŋ	224	97	5	0.02
eŋ	o	224	116	0	0.00
eŋ	oj	224	1	0	0.00
eŋ	ok	224	153	0	0.00
eŋ	om	224	5	0	0.00
eŋ	on	224	35	0	0.00
eŋ	op	224	3	0	0.00
eŋ	or	224	14	0	0.00
eŋ	ot	224	9	0	0.00
eŋ	oŋ	224	179	0	0.00
eŋ	u	224	401	0	0.00
eŋ	uj	224	58	0	0.00
eŋ	uk	224	88	0	0.00
eŋ	um	224	9	0	0.00
eŋ	un	224	47	1	0.00
eŋ	up	224	25	0	0.00
eŋ	ur	224	31	0	0.00
eŋ	ut	224	56	0	0.00
eŋ	uŋ	224	80	0	0.00
eŋ	ə	224	646	4	0.00
eŋ	əj	224	257	0	0.00
eŋ	ək	224	480	0	0.00
eŋ	əm	224	68	0	0.00
eŋ	ən	224	43	0	0.00
eŋ	əp	224	55	0	0.00
eŋ	ər	224	72	0	0.00
eŋ	ət	224	15	0	0.00
eŋ	əŋ	224	198	0	0.00
ij	a	171	1020	0	0.00
ij	aj	171	243	3	0.01
ij	ak	171	312	1	0.00
ij	am	171	33	0	0.00
ij	an	171	173	0	0.00
ij	ap	171	17	0	0.00
ij	ar	171	202	0	0.00
ij	at	171	247	1	0.00
ij	aw	171	124	0	0.00
ij	awk	171	50	0	0.00
ij	aŋ	171	1243	0	0.00
ij	e	171	39	4	0.02
ij	ek	171	49	0	0.00
ij	em	171	1	0	0.00
ij	en	171	38	1	0.00
ij	er	171	2	0	0.00
ij	et	171	29	4	0.02
ij	ew	171	15	0	0.00
ij	ewk	171	40	0	0.00
ij	eŋ	171	224	0	0.00
ij	ij	171	171	105	0.44
ij	ik	171	25	0	0.00
ij	im	171	5	0	0.00
ij	in	171	87	0	0.00
ij	ip	171	6	0	0.00
ij	it	171	130	7	0.02
ij	iw	171	22	0	0.00
ij	iwk	171	12	0	0.00
ij	iŋ	171	97	0	0.00
ij	o	171	116	0	0.00
ij	oj	171	1	0	0.00
ij	ok	171	153	0	0.00
ij	om	171	5	0	0.00
ij	on	171	35	0	0.00
ij	op	171	3	0	0.00
ij	or	171	14	0	0.00
ij	ot	171	9	0	0.00
ij	oŋ	171	179	0	0.00
ij	u	171	401	0	0.00
ij	uj	171	58	0	0.00
ij	uk	171	88	0	0.00
ij	um	171	9	0	0.00
ij	un	171	47	0	0.00
ij	up	171	25	0	0.00
ij	ur	171	31	1	0.00
ij	ut	171	56	0	0.00
ij	uŋ	171	80	0	0.00
ij	ə	171	646	0	0.00
ij	əj	171	257	36	0.09
ij	ək	171	480	0	0.00
ij	əm	171	68	2	0.01
ij	ən	171	43	0	0.00
ij	əp	171	55	0	0.00
ij	ər	171	72	5	0.02
ij	ət	171	15	0	0.00
ij	əŋ	171	198	0	0.00
ik	a	25	1020	0	0.00
ik	aj	25	243	0	0.00
ik	ak	25	312	0	0.00
ik	am	25	33	0	0.00
ik	an	25	173	0	0.00
ik	ap	25	17	0	0.00
ik	ar	25	202	0	0.00
ik	at	25	247	0	0.00
ik	aw	25	124	0	0.00
ik	awk	25	50	0	0.00
ik	aŋ	25	1243	0	0.00
ik	e	25	39	0	0.00
ik	ek	25	49	5	0.07
ik	em	25	1	0	0.00
ik	en	25	38	0	0.00
ik	er	25	2	0	0.00
ik	et	25	29	0	0.00
ik	ew	25	15	0	0.00
ik	ewk	25	40	0	0.00
ik	eŋ	25	224	0	0.00
ik	ij	25	171	0	0.00
ik	ik	25	25	3	0.06
ik	im	25	5	0	0.00
ik	in	25	87	0	0.00
ik	ip	25	6	0	0.00
ik	it	25	130	14	0.10
ik	iw	25	22	0	0.00
ik	iwk	25	12	0	0.00
ik	iŋ	25	97	0	0.00
ik	o	25	116	0	0.00
ik	oj	25	1	0	0.00
ik	ok	25	153	0	0.00
ik	om	25	5	0	0.00
ik	on	25	35	0	0.00
ik	op	25	3	0	0.00
ik	or	25	14	0	0.00
ik	ot	25	9	0	0.00
ik	oŋ	25	179	0	0.00
ik	u	25	401	0	0.00
ik	uj	25	58	0	0.00
ik	uk	25	88	0	0.00
ik	um	25	9	0	0.00
ik	un	25	47	0	0.00
ik	up	25	25	0	0.00
ik	ur	25	31	0	0.00
ik	ut	25	56	0	0.00
ik	uŋ	25	80	0	0.00
ik	ə	25	646	0	0.00
ik	əj	25	257	0	0.00
ik	ək	25	480	2	0.00
ik	əm	25	68	0	0.00
ik	ən	25	43	0	0.00
ik	əp	25	55	0	0.00
ik	ər	25	72	0	0.00
ik	ət	25	15	0	0.00
ik	əŋ	25	198	0	0.00
im	a	5	1020	0	0.00
im	aj	5	243	0	0.00
im	ak	5	312	0	0.00
im	am	5	33	0	0.00
im	an	5	173	0	0.00
im	ap	5	17	0	0.00
im	ar	5	202	0	0.00
im	at	5	247	0	0.00
im	aw	5	124	0	0.00
im	awk	5	50	0	0.00
im	aŋ	5	1243	0	0.00
im	e	5	39	0	0.00
im	ek	5	49	0	0.00
im	em	5	1	0	0.00
im	en	5	38	0	0.00
im	er	5	2	0	0.00
im	et	5	29	0	0.00
im	ew	5	15	0	0.00
im	ewk	5	40	0	0.00
im	eŋ	5	224	0	0.00
im	ij	5	171	0	0.00
im	ik	5	25	0	0.00
im	im	5	5	3	0.43
im	in	5	87	0	0.00
im	ip	5	6	0	0.00
im	it	5	130	0	0.00
im	iw	5	22	0	0.00
im	iwk	5	12	0	0.00
im	iŋ	5	97	0	0.00
im	o	5	116	0	0.00
im	oj	5	1	0	0.00
im	ok	5	153	0	0.00
im	om	5	5	0	0.00
im	on	5	35	0	0.00
im	op	5	3	0	0.00
im	or	5	14	0	0.00
im	ot	5	9	0	0.00
im	oŋ	5	179	0	0.00
im	u	5	401	0	0.00
im	uj	5	58	0	0.00
im	uk	5	88	0	0.00
im	um	5	9	0	0.00
im	un	5	47	0	0.00
im	up	5	25	0	0.00
im	ur	5	31	0	0.00
im	ut	5	56	0	0.00
im	uŋ	5	80	0	0.00
im	ə	5	646	0	0.00
im	əj	5	257	0	0.00
im	ək	5	480	0	0.00
im	əm	5	68	1	0.01
im	ən	5	43	0	0.00
im	əp	5	55	0	0.00
im	ər	5	72	0	0.00
im	ət	5	15	0	0.00
im	əŋ	5	198	0	0.00
in	a	87	1020	0	0.00
in	aj	87	243	0	0.00
in	ak	87	312	0	0.00
in	am	87	33	0	0.00
in	an	87	173	0	0.00
in	ap	87	17	0	0.00
in	ar	87	202	0	0.00
in	at	87	247	0	0.00
in	aw	87	124	0	0.00
in	awk	87	50	0	0.00
in	aŋ	87	1243	0	0.00
in	e	87	39	0	0.00
in	ek	87	49	0	0.00
in	em	87	1	0	0.00
in	en	87	38	3	0.02
in	er	87	2	0	0.00
in	et	87	29	0	0.00
in	ew	87	15	0	0.00
in	ewk	87	40	0	0.00
in	eŋ	87	224	3	0.01
in	ij	87	171	0	0.00
in	ik	87	25	0	0.00
in	im	87	5	0	0.00
in	in	87	87	39	0.29
in	ip	87	6	0	0.00
in	it	87	130	1	0.00
in	iw	87	22	0	0.00
in	iwk	87	12	0	0.00
in	iŋ	87	97	32	0.21
in	o	87	116	0	0.00
in	oj	87	1	0	0.00
in	ok	87	153	0	0.00
in	om	87	5	0	0.00
in	on	87	35	0	0.00
in	op	87	3	0	0.00
in	or	87	14	0	0.00
in	ot	87	9	0	0.00
in	oŋ	87	179	0	0.00
in	u	87	401	1	0.00
in	uj	87	58	0	0.00
in	uk	87	88	0	0.00
in	um	87	9	0	0.00
in	un	87	47	0	0.00
in	up	87	25	3	0.03
in	ur	87	31	0	0.00
in	ut	87	56	1	0.01
in	uŋ	87	80	1	0.01
in	ə	87	646	1	0.00
in	əj	87	257	0	0.00
in	ək	87	480	0	0.00
in	əm	87	68	0	0.00
in	ən	87	43	1	0.01
in	əp	87	55	0	0.00
in	ər	87	72	0	0.00
in	ət	87	15	0	0.00
in	əŋ	87	198	0	0.00
ip	a	6	1020	0	0.00
ip	aj	6	243	0	0.00
ip	ak	6	312	0	0.00
ip	am	6	33	0	0.00
ip	an	6	173	0	0.00
ip	ap	6	17	0	0.00
ip	ar	6	202	0	0.00
ip	at	6	247	0	0.00
ip	aw	6	124	0	0.00
ip	awk	6	50	0	0.00
ip	aŋ	6	1243	0	0.00
ip	e	6	39	0	0.00
ip	ek	6	49	0	0.00
ip	em	6	1	0	0.00
ip	en	6	38	0	0.00
ip	er	6	2	0	0.00
ip	et	6	29	0	0.00
ip	ew	6	15	0	0.00
ip	ewk	6	40	0	0.00
ip	eŋ	6	224	0	0.00
ip	ij	6	171	0	0.00
ip	ik	6	25	0	0.00
ip	im	6	5	0	0.00
ip	in	6	87	0	0.00
ip	ip	6	6	3	0.33
ip	it	6	130	0	0.00
ip	iw	6	22	0	0.00
ip	iwk	6	12	0	0.00
ip	iŋ	6	97	0	0.00
ip	o	6	116	0	0.00
ip	oj	6	1	0	0.00
ip	ok	6	153	0	0.00
ip	om	6	5	0	0.00
ip	on	6	35	0	0.00
ip	op	6	3	0	0.00
ip	or	6	14	0	0.00
ip	ot	6	9	0	0.00
ip	oŋ	6	179	0	0.00
ip	u	6	401	0	0.00
ip	uj	6	58	0	0.00
ip	uk	6	88	0	0.00
ip	um	6	9	0	0.00
ip	un	6	47	0	0.00
ip	up	6	25	0	0.00
ip	ur	6	31	0	0.00
ip	ut	6	56	0	0.00
ip	uŋ	6	80	0	0.00
ip	ə	6	646	0	0.00
ip	əj	6	257	0	0.00
ip	ək	6	480	0	0.00
ip	əm	6	68	0	0.00
ip	ən	6	43	0	0.00
ip	əp	6	55	2	0.03
ip	ər	6	72	0	0.00
ip	ət	6	15	0	0.00
ip	əŋ	6	198	0	0.00
it	a	130	1020	3	0.00
it	aj	130	243	0	0.00
it	ak	130	312	1	0.00
it	am	130	33	0	0.00
it	an	130	173	0	0.00
it	ap	130	17	0	0.00
it	ar	130	202	0	0.00
it	at	130	247	5	0.01
it	aw	130	124	0	0.00
it	awk	130	50	0	0.00
it	aŋ	130	1243	5	0.00
it	e	130	39	0	0.00
it	ek	130	49	0	0.00
it	em	130	1	0	0.00
it	en	130	38	0	0.00
it	er	130	2	0	0.00
it	et	130	29	8	0.05
it	ew	130	15	0	0.00
it	ewk	130	40	0	0.00
it	eŋ	130	224	0	0.00
it	ij	130	171	7	0.02
it	ik	130	25	14	0.10
it	im	130	5	0	0.00
it	in	130	87	1	0.00
it	ip	130	6	0	0.00
it	it	130	130	75	0.41
it	iw	130	22	0	0.00
it	iwk	130	12	0	0.00
it	iŋ	130	97	0	0.00
it	o	130	116	0	0.00
it	oj	130	1	0	0.00
it	ok	130	153	0	0.00
it	om	130	5	0	0.00
it	on	130	35	0	0.00
it	op	130	3	0	0.00
it	or	130	14	0	0.00
it	ot	130	9	0	0.00
it	oŋ	130	179	0	0.00
it	u	130	401	0	0.00
it	uj	130	58	0	0.00
it	uk	130	88	0	0.00
it	um	130	9	0	0.00
it	un	130	47	0	0.00
it	up	130	25	1	0.01
it	ur	130	31	0	0.00
it	ut	130	56	2	0.01
it	uŋ	130	80	0	0.00
it	ə	130	646	2	0.00
it	əj	130	257	3	0.01
it	ək	130	480	0	0.00
it	əm	130	68	1	0.01
it	ən	130	43	0	0.00
it	əp	130	55	1	0.01
it	ər	130	72	0	0.00
it	ət	130	15	0	0.00
it	əŋ	130	198	0	0.00
iw	a	22	1020	0	0.00
iw	aj	22	243	0	0.00
iw	ak	22	312	0	0.00
iw	am	22	33	0	0.00
iw	an	22	173	0	0.00
iw	ap	22	17	0	0.00
iw	ar	22	202	0	0.00
iw	at	22	247	0	0.00
iw	aw	22	124	0	0.00
iw	awk	22	50	0	0.00
iw	aŋ	22	1243	0	0.00
iw	e	22	39	0	0.00
iw	ek	22	49	0	0.00
iw	em	22	1	0	0.00
iw	en	22	38	0	0.00
iw	er	22	2	0	0.00
iw	et	22	29	0	0.00
iw	ew	22	15	2	0.06
iw	ewk	22	40	0	0.00
iw	eŋ	22	224	0	0.00
iw	ij	22	171	0	0.00
iw	ik	22	25	0	0.00
iw	im	22	5	0	0.00
iw	in	22	87	0	0.00
iw	ip	22	6	0	0.00
iw	it	22	130	0	0.00
iw	iw	22	22	13	0.42
iw	iwk	22	12	1	0.03
iw	iŋ	22	97	0	0.00
iw	o	22	116	0	0.00
iw	oj	22	1	0	0.00
iw	ok	22	153	0	0.00
iw	om	22	5	0	0.00
iw	on	22	35	0	0.00
iw	op	22	3	0	0.00
iw	or	22	14	0	0.00
iw	ot	22	9	0	0.00
iw	oŋ	22	179	1	0.01
iw	u	22	401	3	0.01
iw	uj	22	58	0	0.00
iw	uk	22	88	1	0.01
iw	um	22	9	0	0.00
iw	un	22	47	0	0.00
iw	up	22	25	0	0.00
iw	ur	22	31	0	0.00
iw	ut	22	56	0	0.00
iw	uŋ	22	80	0	0.00
iw	ə	22	646	0	0.00
iw	əj	22	257	0	0.00
iw	ək	22	480	0	0.00
iw	əm	22	68	0	0.00
iw	ən	22	43	0	0.00
iw	əp	22	55	0	0.00
iw	ər	22	72	0	0.00
iw	ət	22	15	0	0.00
iw	əŋ	22	198	0	0.00
iwk	a	12	1020	0	0.00
iwk	aj	12	243	0	0.00
iwk	ak	12	312	0	0.00
iwk	am	12	33	0	0.00
iwk	an	12	173	0	0.00
iwk	ap	12	17	0	0.00
iwk	ar	12	202	0	0.00
iwk	at	12	247	0	0.00
iwk	aw	12	124	0	0.00
iwk	awk	12	50	0	0.00
iwk	aŋ	12	1243	0	0.00
iwk	e	12	39	0	0.00
iwk	ek	12	49	0	0.00
iwk	em	12	1	0	0.00
iwk	en	12	38	0	0.00
iwk	er	12	2	0	0.00
iwk	et	12	29	0	0.00
iwk	ew	12	15	0	0.00
iwk	ewk	12	40	4	0.08
iwk	eŋ	12	224	0	0.00
iwk	ij	12	171	0	0.00
iwk	ik	12	25	0	0.00
iwk	im	12	5	0	0.00
iwk	in	12	87	0	0.00
iwk	ip	12	6	0	0.00
iwk	it	12	130	0	0.00
iwk	iw	12	22	1	0.03
iwk	iwk	12	12	1	0.04
iwk	iŋ	12	97	0	0.00
iwk	o	12	116	0	0.00
iwk	oj	12	1	0	0.00
iwk	ok	12	153	0	0.00
iwk	om	12	5	0	0.00
iwk	on	12	35	0	0.00
iwk	op	12	3	0	0.00
iwk	or	12	14	0	0.00
iwk	ot	12	9	0	0.00
iwk	oŋ	12	179	0	0.00
iwk	u	12	401	1	0.00
iwk	uj	12	58	0	0.00
iwk	uk	12	88	4	0.04
iwk	um	12	9	0	0.00
iwk	un	12	47	0	0.00
iwk	up	12	25	0	0.00
iwk	ur	12	31	0	0.00
iwk	ut	12	56	0	0.00
iwk	uŋ	12	80	0	0.00
iwk	ə	12	646	0	0.00
iwk	əj	12	257	0	0.00
iwk	ək	12	480	0	0.00
iwk	əm	12	68	0	0.00
iwk	ən	12	43	0	0.00
iwk	əp	12	55	0	0.00
iwk	ər	12	72	0	0.00
iwk	ət	12	15	0	0.00
iwk	əŋ	12	198	0	0.00
iŋ	a	97	1020	0	0.00
iŋ	aj	97	243	0	0.00
iŋ	ak	97	312	0	0.00
iŋ	am	97	33	0	0.00
iŋ	an	97	173	0	0.00
iŋ	ap	97	17	0	0.00
iŋ	ar	97	202	0	0.00
iŋ	at	97	247	0	0.00
iŋ	aw	97	124	0	0.00
iŋ	awk	97	50	0	0.00
iŋ	aŋ	97	1243	0	0.00
iŋ	e	97	39	0	0.00
iŋ	ek	97	49	0	0.00
iŋ	em	97	1	0	0.00
iŋ	en	97	38	0	0.00
iŋ	er	97	2	0	0.00
iŋ	et	97	29	0	0.00
iŋ	ew	97	15	0	0.00
iŋ	ewk	97	40	0	0.00
iŋ	eŋ	97	224	5	0.02
iŋ	ij	97	171	0	0.00
iŋ	ik	97	25	0	0.00
iŋ	im	97	5	0	0.00
iŋ	in	97	87	32	0.21
iŋ	ip	97	6	0	0.00
iŋ	it	97	130	0	0.00
iŋ	iw	97	22	0	0.00
iŋ	iwk	97	12	0	0.00
iŋ	iŋ	97	97	53	0.38
iŋ	o	97	116	0	0.00
iŋ	oj	97	1	0	0.00
iŋ	ok	97	153	0	0.00
iŋ	om	97	5	0	0.00
iŋ	on	97	35	0	0.00
iŋ	op	97	3	0	0.00
iŋ	or	97	14	0	0.00
iŋ	ot	97	9	0	0.00
iŋ	oŋ	97	179	0	0.00
iŋ	u	97	401	4	0.01
iŋ	uj	97	58	0	0.00
iŋ	uk	97	88	0	0.00
iŋ	um	97	9	0	0.00
iŋ	un	97	47	1	0.01
iŋ	up	97	25	0	0.00
iŋ	ur	97	31	0	0.00
iŋ	ut	97	56	0	0.00
iŋ	uŋ	97	80	0	0.00
iŋ	ə	97	646	0	0.00
iŋ	əj	97	257	0	0.00
iŋ	ək	97	480	0	0.00
iŋ	əm	97	68	0	0.00
iŋ	ən	97	43	1	0.01
iŋ	əp	97	55	0	0.00
iŋ	ər	97	72	0	0.00
iŋ	ət	97	15	0	0.00
iŋ	əŋ	97	198	0	0.00
o	a	116	1020	0	0.00
o	aj	116	243	0	0.00
o	ak	116	312	0	0.00
o	am	116	33	0	0.00
o	an	116	173	0	0.00
o	ap	116	17	0	0.00
o	ar	116	202	0	0.00
o	at	116	247	0	0.00
o	aw	116	124	0	0.00
o	awk	116	50	0	0.00
o	aŋ	116	1243	0	0.00
o	e	116	39	0	0.00
o	ek	116	49	0	0.00
o	em	116	1	0	0.00
o	en	116	38	0	0.00
o	er	116	2	0	0.00
o	et	116	29	0	0.00
o	ew	116	15	0	0.00
o	ewk	116	40	0	0.00
o	eŋ	116	224	0	0.00
o	ij	116	171	0	0.00
o	ik	116	25	0	0.00
o	im	116	5	0	0.00
o	in	116	87	0	0.00
o	ip	116	6	0	0.00
o	it	116	130	0	0.00
o	iw	116	22	0	0.00
o	iwk	116	12	0	0.00
o	iŋ	116	97	0	0.00
o	o	116	116	93	0.67
o	oj	116	1	0	0.00
o	ok	116	153	19	0.08
o	om	116	5	0	0.00
o	on	116	35	0	0.00
o	op	116	3	0	0.00
o	or	116	14	0	0.00
o	ot	116	9	0	0.00
o	oŋ	116	179	1	0.00
o	u	116	401	0	0.00
o	uj	116	58	0	0.00
o	uk	116	88	0	0.00
o	um	116	9	0	0.00
o	un	116	47	0	0.00
o	up	116	25	0	0.00
o	ur	116	31	0	0.00
o	ut	116	56	0	0.00
o	uŋ	116	80	1	0.01
o	ə	116	646	1	0.00
o	əj	116	257	0	0.00
o	ək	116	480	0	0.00
o	əm	116	68	0	0.00
o	ən	116	43	0	0.00
o	əp	116	55	0	0.00
o	ər	116	72	0	0.00
o	ət	116	15	0	0.00
o	əŋ	116	198	0	0.00
oj	a	1	1020	0	0.00
oj	aj	1	243	0	0.00
oj	ak	1	312	0	0.00
oj	am	1	33	0	0.00
oj	an	1	173	0	0.00
oj	ap	1	17	0	0.00
oj	ar	1	202	0	0.00
oj	at	1	247	0	0.00
oj	aw	1	124	0	0.00
oj	awk	1	50	0	0.00
oj	aŋ	1	1243	0	0.00
oj	e	1	39	0	0.00
oj	ek	1	49	0	0.00
oj	em	1	1	0	0.00
oj	en	1	38	0	0.00
oj	er	1	2	0	0.00
oj	et	1	29	0	0.00
oj	ew	1	15	0	0.00
oj	ewk	1	40	0	0.00
oj	eŋ	1	224	0	0.00
oj	ij	1	171	0	0.00
oj	ik	1	25	0	0.00
oj	im	1	5	0	0.00
oj	in	1	87	0	0.00
oj	ip	1	6	0	0.00
oj	it	1	130	0	0.00
oj	iw	1	22	0	0.00
oj	iwk	1	12	0	0.00
oj	iŋ	1	97	0	0.00
oj	o	1	116	0	0.00
oj	oj	1	1	0	0.00
oj	ok	1	153	0	0.00
oj	om	1	5	0	0.00
oj	on	1	35	0	0.00
oj	op	1	3	0	0.00
oj	or	1	14	1	0.07
oj	ot	1	9	0	0.00
oj	oŋ	1	179	0	0.00
oj	u	1	401	0	0.00
oj	uj	1	58	0	0.00
oj	uk	1	88	0	0.00
oj	um	1	9	0	0.00
oj	un	1	47	0	0.00
oj	up	1	25	0	0.00
oj	ur	1	31	0	0.00
oj	ut	1	56	0	0.00
oj	uŋ	1	80	0	0.00
oj	ə	1	646	0	0.00
oj	əj	1	257	0	0.00
oj	ək	1	480	0	0.00
oj	əm	1	68	0	0.00
oj	ən	1	43	0	0.00
oj	əp	1	55	0	0.00
oj	ər	1	72	0	0.00
oj	ət	1	15	0	0.00
oj	əŋ	1	198	0	0.00
ok	a	153	1020	0	0.00
ok	aj	153	243	0	0.00
ok	ak	153	312	0	0.00
ok	am	153	33	0	0.00
ok	an	153	173	0	0.00
ok	ap	153	17	0	0.00
ok	ar	153	202	0	0.00
ok	at	153	247	0	0.00
ok	aw	153	124	0	0.00
ok	awk	153	50	0	0.00
ok	aŋ	153	1243	0	0.00
ok	e	153	39	0	0.00
ok	ek	153	49	2	0.01
ok	em	153	1	0	0.00
ok	en	153	38	0	0.00
ok	er	153	2	0	0.00
ok	et	153	29	0	0.00
ok	ew	153	15	0	0.00
ok	ewk	153	40	0	0.00
ok	eŋ	153	224	0	0.00
ok	ij	153	171	0	0.00
ok	ik	153	25	0	0.00
ok	im	153	5	0	0.00
ok	in	153	87	0	0.00
ok	ip	153	6	0	0.00
ok	it	153	130	0	0.00
ok	iw	153	22	0	0.00
ok	iwk	153	12	0	0.00
ok	iŋ	153	97	0	0.00
ok	o	153	116	19	0.08
ok	oj	153	1	0	0.00
ok	ok	153	153	129	0.73
ok	om	153	5	0	0.00
ok	on	153	35	0	0.00
ok	op	153	3	0	0.00
ok	or	153	14	0	0.00
ok	ot	153	9	0	0.00
ok	oŋ	153	179	2	0.01
ok	u	153	401	0	0.00
ok	uj	153	58	0	0.00
ok	uk	153	88	0	0.00
ok	um	153	9	0	0.00
ok	un	153	47	0	0.00
ok	up	153	25	0	0.00
ok	ur	153	31	0	0.00
ok	ut	153	56	0	0.00
ok	uŋ	153	80	0	0.00
ok	ə	153	646	0	0.00
ok	əj	153	257	0	0.00
ok	ək	153	480	0	0.00
ok	əm	153	68	0	0.00
ok	ən	153	43	0	0.00
ok	əp	153	55	0	0.00
ok	ər	153	72	0	0.00
ok	ət	153	15	0	0.00
ok	əŋ	153	198	0	0.00
om	a	5	1020	0	0.00
om	aj	5	243	0	0.00
om	ak	5	312	0	0.00
om	am	5	33	4	0.12
om	an	5	173	0	0.00
om	ap	5	17	0	0.00
om	ar	5	202	0	0.00
om	at	5	247	0	0.00
om	aw	5	124	0	0.00
om	awk	5	50	0	0.00
om	aŋ	5	1243	0	0.00
om	e	5	39	0	0.00
om	ek	5	49	0	0.00
om	em	5	1	1	0.20
om	en	5	38	0	0.00
om	er	5	2	0	0.00
om	et	5	29	0	0.00
om	ew	5	15	0	0.00
om	ewk	5	40	0	0.00
om	eŋ	5	224	0	0.00
om	ij	5	171	0	0.00
om	ik	5	25	0	0.00
om	im	5	5	0	0.00
om	in	5	87	0	0.00
om	ip	5	6	0	0.00
om	it	5	130	0	0.00
om	iw	5	22	0	0.00
om	iwk	5	12	0	0.00
om	iŋ	5	97	0	0.00
om	o	5	116	0	0.00
om	oj	5	1	0	0.00
om	ok	5	153	0	0.00
om	om	5	5	0	0.00
om	on	5	35	0	0.00
om	op	5	3	0	0.00
om	or	5	14	0	0.00
om	ot	5	9	0	0.00
om	oŋ	5	179	0	0.00
om	u	5	401	0	0.00
om	uj	5	58	0	0.00
om	uk	5	88	0	0.00
om	um	5	9	0	0.00
om	un	5	47	0	0.00
om	up	5	25	0	0.00
om	ur	5	31	0	0.00
om	ut	5	56	0	0.00
om	uŋ	5	80	0	0.00
om	ə	5	646	0	0.00
om	əj	5	257	0	0.00
om	ək	5	480	0	0.00
om	əm	5	68	0	0.00
om	ən	5	43	0	0.00
om	əp	5	55	0	0.00
om	ər	5	72	0	0.00
om	ət	5	15	0	0.00
om	əŋ	5	198	0	0.00
on	a	35	1020	0	0.00
on	aj	35	243	0	0.00
on	ak	35	312	0	0.00
on	am	35	33	0	0.00
on	an	35	173	5	0.02
on	ap	35	17	0	0.00
on	ar	35	202	4	0.02
on	at	35	247	0	0.00
on	aw	35	124	0	0.00
on	awk	35	50	0	0.00
on	aŋ	35	1243	0	0.00
on	e	35	39	0	0.00
on	ek	35	49	0	0.00
on	em	35	1	0	0.00
on	en	35	38	2	0.03
on	er	35	2	0	0.00
on	et	35	29	0	0.00
on	ew	35	15	0	0.00
on	ewk	35	40	0	0.00
on	eŋ	35	224	0	0.00
on	ij	35	171	0	0.00
on	ik	35	25	0	0.00
on	im	35	5	0	0.00
on	in	35	87	0	0.00
on	ip	35	6	0	0.00
on	it	35	130	0	0.00
on	iw	35	22	0	0.00
on	iwk	35	12	0	0.00
on	iŋ	35	97	0	0.00
on	o	35	116	0	0.00
on	oj	35	1	0	0.00
on	ok	35	153	0	0.00
on	om	35	5	0	0.00
on	on	35	35	21	0.43
on	op	35	3	0	0.00
on	or	35	14	1	0.02
on	ot	35	9	0	0.00
on	oŋ	35	179	0	0.00
on	u	35	401	0	0.00
on	uj	35	58	0	0.00
on	uk	35	88	0	0.00
on	um	35	9	0	0.00
on	un	35	47	0	0.00
on	up	35	25	0	0.00
on	ur	35	31	0	0.00
on	ut	35	56	0	0.00
on	uŋ	35	80	0	0.00
on	ə	35	646	0	0.00
on	əj	35	257	0	0.00
on	ək	35	480	1	0.00
on	əm	35	68	0	0.00
on	ən	35	43	0	0.00
on	əp	35	55	0	0.00
on	ər	35	72	0	0.00
on	ət	35	15	0	0.00
on	əŋ	35	198	0	0.00
op	a	3	1020	0	0.00
op	aj	3	243	0	0.00
op	ak	3	312	0	0.00
op	am	3	33	0	0.00
op	an	3	173	0	0.00
op	ap	3	17	0	0.00
op	ar	3	202	0	0.00
op	at	3	247	0	0.00
op	aw	3	124	0	0.00
op	awk	3	50	0	0.00
op	aŋ	3	1243	0	0.00
op	e	3	39	0	0.00
op	ek	3	49	0	0.00
op	em	3	1	0	0.00
op	en	3	38	0	0.00
op	er	3	2	0	0.00
op	et	3	29	0	0.00
op	ew	3	15	0	0.00
op	ewk	3	40	0	0.00
op	eŋ	3	224	0	0.00
op	ij	3	171	0	0.00
op	ik	3	25	0	0.00
op	im	3	5	0	0.00
op	in	3	87	0	0.00
op	ip	3	6	0	0.00
op	it	3	130	0	0.00
op	iw	3	22	0	0.00
op	iwk	3	12	0	0.00
op	iŋ	3	97	0	0.00
op	o	3	116	0	0.00
op	oj	3	1	0	0.00
op	ok	3	153	0	0.00
op	om	3	5	0	0.00
op	on	3	35	0	0.00
op	op	3	3	0	0.00
op	or	3	14	0	0.00
op	ot	3	9	0	0.00
op	oŋ	3	179	0	0.00
op	u	3	401	0	0.00
op	uj	3	58	0	0.00
op	uk	3	88	0	0.00
op	um	3	9	0	0.00
op	un	3	47	0	0.00
op	up	3	25	1	0.04
op	ur	3	31	0	0.00
op	ut	3	56	0	0.00
op	uŋ	3	80	0	0.00
op	ə	3	646	0	0.00
op	əj	3	257	0	0.00
op	ək	3	480	0	0.00
op	əm	3	68	0	0.00
op	ən	3	43	0	0.00
op	əp	3	55	2	0.04
op	ər	3	72	0	0.00
op	ət	3	15	0	0.00
op	əŋ	3	198	0	0.00
or	a	14	1020	0	0.00
or	aj	14	243	0	0.00
or	ak	14	312	0	0.00
or	am	14	33	0	0.00
or	an	14	173	3	0.02
or	ap	14	17	0	0.00
or	ar	14	202	1	0.00
or	at	14	247	0	0.00
or	aw	14	124	0	0.00
or	awk	14	50	0	0.00
or	aŋ	14	1243	0	0.00
or	e	14	39	0	0.00
or	ek	14	49	0	0.00
or	em	14	1	0	0.00
or	en	14	38	1	0.02
or	er	14	2	0	0.00
or	et	14	29	0	0.00
or	ew	14	15	0	0.00
or	ewk	14	40	0	0.00
or	eŋ	14	224	0	0.00
or	ij	14	171	0	0.00
or	ik	14	25	0	0.00
or	im	14	5	0	0.00
or	in	14	87	0	0.00
or	ip	14	6	0	0.00
or	it	14	130	0	0.00
or	iw	14	22	0	0.00
or	iwk	14	12	0	0.00
or	iŋ	14	97	0	0.00
or	o	14	116	0	0.00
or	oj	14	1	1	0.07
or	ok	14	153	0	0.00
or	om	14	5	0	0.00
or	on	14	35	1	0.02
or	op	14	3	0	0.00
or	or	14	14	0	0.00
or	ot	14	9	1	0.05
or	oŋ	14	179	0	0.00
or	u	14	401	0	0.00
or	uj	14	58	1	0.01
or	uk	14	88	0	0.00
or	um	14	9	0	0.00
or	un	14	47	0	0.00
or	up	14	25	0	0.00
or	ur	14	31	1	0.02
or	ut	14	56	0	0.00
or	uŋ	14	80	0	0.00
or	ə	14	646	4	0.01
or	əj	14	257	0	0.00
or	ək	14	480	0	0.00
or	əm	14	68	0	0.00
or	ən	14	43	0	0.00
or	əp	14	55	0	0.00
or	ər	14	72	0	0.00
or	ət	14	15	0	0.00
or	əŋ	14	198	0	0.00
ot	a	9	1020	0	0.00
ot	aj	9	243	0	0.00
ot	ak	9	312	0	0.00
ot	am	9	33	0	0.00
ot	an	9	173	0	0.00
ot	ap	9	17	0	0.00
ot	ar	9	202	0	0.00
ot	at	9	247	1	0.00
ot	aw	9	124	0	0.00
ot	awk	9	50	0	0.00
ot	aŋ	9	1243	0	0.00
ot	e	9	39	0	0.00
ot	ek	9	49	0	0.00
ot	em	9	1	0	0.00
ot	en	9	38	0	0.00
ot	er	9	2	0	0.00
ot	et	9	29	0	0.00
ot	ew	9	15	0	0.00
ot	ewk	9	40	0	0.00
ot	eŋ	9	224	0	0.00
ot	ij	9	171	0	0.00
ot	ik	9	25	0	0.00
ot	im	9	5	0	0.00
ot	in	9	87	0	0.00
ot	ip	9	6	0	0.00
ot	it	9	130	0	0.00
ot	iw	9	22	0	0.00
ot	iwk	9	12	0	0.00
ot	iŋ	9	97	0	0.00
ot	o	9	116	0	0.00
ot	oj	9	1	0	0.00
ot	ok	9	153	0	0.00
ot	om	9	5	0	0.00
ot	on	9	35	0	0.00
ot	op	9	3	0	0.00
ot	or	9	14	1	0.05
ot	ot	9	9	5	0.38
ot	oŋ	9	179	0	0.00
ot	u	9	401	0	0.00
ot	uj	9	58	0	0.00
ot	uk	9	88	0	0.00
ot	um	9	9	0	0.00
ot	un	9	47	0	0.00
ot	up	9	25	0	0.00
ot	ur	9	31	0	0.00
ot	ut	9	56	0	0.00
ot	uŋ	9	80	0	0.00
ot	ə	9	646	0	0.00
ot	əj	9	257	1	0.00
ot	ək	9	480	0	0.00
ot	əm	9	68	0	0.00
ot	ən	9	43	0	0.00
ot	əp	9	55	0	0.00
ot	ər	9	72	0	0.00
ot	ət	9	15	0	0.00
ot	əŋ	9	198	0	0.00
oŋ	a	179	1020	0	0.00
oŋ	aj	179	243	0	0.00
oŋ	ak	179	312	0	0.00
oŋ	am	179	33	0	0.00
oŋ	an	179	173	0	0.00
oŋ	ap	179	17	0	0.00
oŋ	ar	179	202	0	0.00
oŋ	at	179	247	0	0.00
oŋ	aw	179	124	0	0.00
oŋ	awk	179	50	0	0.00
oŋ	aŋ	179	1243	8	0.01
oŋ	e	179	39	0	0.00
oŋ	ek	179	49	0	0.00
oŋ	em	179	1	0	0.00
oŋ	en	179	38	0	0.00
oŋ	er	179	2	0	0.00
oŋ	et	179	29	0	0.00
oŋ	ew	179	15	0	0.00
oŋ	ewk	179	40	0	0.00
oŋ	eŋ	179	224	0	0.00
oŋ	ij	179	171	0	0.00
oŋ	ik	179	25	0	0.00
oŋ	im	179	5	0	0.00
oŋ	in	179	87	0	0.00
oŋ	ip	179	6	0	0.00
oŋ	it	179	130	0	0.00
oŋ	iw	179	22	1	0.01
oŋ	iwk	179	12	0	0.00
oŋ	iŋ	179	97	0	0.00
oŋ	o	179	116	1	0.00
oŋ	oj	179	1	0	0.00
oŋ	ok	179	153	2	0.01
oŋ	om	179	5	0	0.00
oŋ	on	179	35	0	0.00
oŋ	op	179	3	0	0.00
oŋ	or	179	14	0	0.00
oŋ	ot	179	9	0	0.00
oŋ	oŋ	179	179	153	0.75
oŋ	u	179	401	0	0.00
oŋ	uj	179	58	0	0.00
oŋ	uk	179	88	0	0.00
oŋ	um	179	9	0	0.00
oŋ	un	179	47	0	0.00
oŋ	up	179	25	0	0.00
oŋ	ur	179	31	0	0.00
oŋ	ut	179	56	0	0.00
oŋ	uŋ	179	80	9	0.04
oŋ	ə	179	646	4	0.00
oŋ	əj	179	257	0	0.00
oŋ	ək	179	480	0	0.00
oŋ	əm	179	68	0	0.00
oŋ	ən	179	43	0	0.00
oŋ	əp	179	55	0	0.00
oŋ	ər	179	72	0	0.00
oŋ	ət	179	15	0	0.00
oŋ	əŋ	179	198	0	0.00
u	a	401	1020	0	0.00
u	aj	401	243	0	0.00
u	ak	401	312	2	0.00
u	am	401	33	0	0.00
u	an	401	173	0	0.00
u	ap	401	17	0	0.00
u	ar	401	202	0	0.00
u	at	401	247	0	0.00
u	aw	401	124	3	0.01
u	awk	401	50	0	0.00
u	aŋ	401	1243	0	0.00
u	e	401	39	0	0.00
u	ek	401	49	0	0.00
u	em	401	1	0	0.00
u	en	401	38	0	0.00
u	er	401	2	0	0.00
u	et	401	29	0	0.00
u	ew	401	15	0	0.00
u	ewk	401	40	0	0.00
u	eŋ	401	224	0	0.00
u	ij	401	171	0	0.00
u	ik	401	25	0	0.00
u	im	401	5	0	0.00
u	in	401	87	1	0.00
u	ip	401	6	0	0.00
u	it	401	130	0	0.00
u	iw	401	22	3	0.01
u	iwk	401	12	1	0.00
u	iŋ	401	97	4	0.01
u	o	401	116	0	0.00
u	oj	401	1	0	0.00
u	ok	401	153	0	0.00
u	om	401	5	0	0.00
u	on	401	35	0	0.00
u	op	401	3	0	0.00
u	or	401	14	0	0.00
u	ot	401	9	0	0.00
u	oŋ	401	179	0	0.00
u	u	401	401	371	0.86
u	uj	401	58	0	0.00
u	uk	401	88	8	0.02
u	um	401	9	0	0.00
u	un	401	47	0	0.00
u	up	401	25	3	0.01
u	ur	401	31	0	0.00
u	ut	401	56	0	0.00
u	uŋ	401	80	1	0.00
u	ə	401	646	1	0.00
u	əj	401	257	1	0.00
u	ək	401	480	1	0.00
u	əm	401	68	0	0.00
u	ən	401	43	0	0.00
u	əp	401	55	0	0.00
u	ər	401	72	0	0.00
u	ət	401	15	0	0.00
u	əŋ	401	198	0	0.00
uj	a	58	1020	0	0.00
uj	aj	58	243	0	0.00
uj	ak	58	312	0	0.00
uj	am	58	33	0	0.00
uj	an	58	173	0	0.00
uj	ap	58	17	0	0.00
uj	ar	58	202	0	0.00
uj	at	58	247	0	0.00
uj	aw	58	124	0	0.00
uj	awk	58	50	0	0.00
uj	aŋ	58	1243	0	0.00
uj	e	58	39	0	0.00
uj	ek	58	49	0	0.00
uj	em	58	1	0	0.00
uj	en	58	38	0	0.00
uj	er	58	2	0	0.00
uj	et	58	29	0	0.00
uj	ew	58	15	0	0.00
uj	ewk	58	40	0	0.00
uj	eŋ	58	224	0	0.00
uj	ij	58	171	0	0.00
uj	ik	58	25	0	0.00
uj	im	58	5	0	0.00
uj	in	58	87	0	0.00
uj	ip	58	6	0	0.00
uj	it	58	130	0	0.00
uj	iw	58	22	0	0.00
uj	iwk	58	12	0	0.00
uj	iŋ	58	97	0	0.00
uj	o	58	116	0	0.00
uj	oj	58	1	0	0.00
uj	ok	58	153	0	0.00
uj	om	58	5	0	0.00
uj	on	58	35	0	0.00
uj	op	58	3	0	0.00
uj	or	58	14	1	0.01
uj	ot	58	9	0	0.00
uj	oŋ	58	179	0	0.00
uj	u	58	401	0	0.00
uj	uj	58	58	47	0.68
uj	uk	58	88	0	0.00
uj	um	58	9	0	0.00
uj	un	58	47	0	0.00
uj	up	58	25	0	0.00
uj	ur	58	31	3	0.03
uj	ut	58	56	1	0.01
uj	uŋ	58	80	0	0.00
uj	ə	58	646	0	0.00
uj	əj	58	257	5	0.02
uj	ək	58	480	0	0.00
uj	əm	58	68	0	0.00
uj	ən	58	43	0	0.00
uj	əp	58	55	0	0.00
uj	ər	58	72	0	0.00
uj	ət	58	15	0	0.00
uj	əŋ	58	198	0	0.00
uk	a	88	1020	0	0.00
uk	aj	88	243	0	0.00
uk	ak	88	312	0	0.00
uk	am	88	33	0	0.00
uk	an	88	173	0	0.00
uk	ap	88	17	0	0.00
uk	ar	88	202	0	0.00
uk	at	88	247	0	0.00
uk	aw	88	124	0	0.00
uk	awk	88	50	0	0.00
uk	aŋ	88	1243	0	0.00
uk	e	88	39	0	0.00
uk	ek	88	49	0	0.00
uk	em	88	1	0	0.00
uk	en	88	38	0	0.00
uk	er	88	2	0	0.00
uk	et	88	29	0	0.00
uk	ew	88	15	0	0.00
uk	ewk	88	40	0	0.00
uk	eŋ	88	224	0	0.00
uk	ij	88	171	0	0.00
uk	ik	88	25	0	0.00
uk	im	88	5	0	0.00
uk	in	88	87	0	0.00
uk	ip	88	6	0	0.00
uk	it	88	130	0	0.00
uk	iw	88	22	1	0.01
uk	iwk	88	12	4	0.04
uk	iŋ	88	97	0	0.00
uk	o	88	116	0	0.00
uk	oj	88	1	0	0.00
uk	ok	88	153	0	0.00
uk	om	88	5	0	0.00
uk	on	88	35	0	0.00
uk	op	88	3	0	0.00
uk	or	88	14	0	0.00
uk	ot	88	9	0	0.00
uk	oŋ	88	179	0	0.00
uk	u	88	401	8	0.02
uk	uj	88	58	0	0.00
uk	uk	88	88	69	0.64
uk	um	88	9	0	0.00
uk	un	88	47	0	0.00
uk	up	88	25	0	0.00
uk	ur	88	31	0	0.00
uk	ut	88	56	0	0.00
uk	uŋ	88	80	0	0.00
uk	ə	88	646	0	0.00
uk	əj	88	257	0	0.00
uk	ək	88	480	5	0.01
uk	əm	88	68	0	0.00
uk	ən	88	43	0	0.00
uk	əp	88	55	0	0.00
uk	ər	88	72	0	0.00
uk	ət	88	15	0	0.00
uk	əŋ	88	198	0	0.00
um	a	9	1020	0	0.00
um	aj	9	243	0	0.00
um	ak	9	312	0	0.00
um	am	9	33	0	0.00
um	an	9	173	0	0.00
um	ap	9	17	0	0.00
um	ar	9	202	0	0.00
um	at	9	247	0	0.00
um	aw	9	124	0	0.00
um	awk	9	50	0	0.00
um	aŋ	9	1243	0	0.00
um	e	9	39	0	0.00
um	ek	9	49	0	0.00
um	em	9	1	0	0.00
um	en	9	38	0	0.00
um	er	9	2	0	0.00
um	et	9	29	0	0.00
um	ew	9	15	0	0.00
um	ewk	9	40	0	0.00
um	eŋ	9	224	0	0.00
um	ij	9	171	0	0.00
um	ik	9	25	0	0.00
um	im	9	5	0	0.00
um	in	9	87	0	0.00
um	ip	9	6	0	0.00
um	it	9	130	0	0.00
um	iw	9	22	0	0.00
um	iwk	9	12	0	0.00
um	iŋ	9	97	0	0.00
um	o	9	116	0	0.00
um	oj	9	1	0	0.00
um	ok	9	153	0	0.00
um	om	9	5	0	0.00
um	on	9	35	0	0.00
um	op	9	3	0	0.00
um	or	9	14	0	0.00
um	ot	9	9	0	0.00
um	oŋ	9	179	0	0.00
um	u	9	401	0	0.00
um	uj	9	58	0	0.00
um	uk	9	88	0	0.00
um	um	9	9	0	0.00
um	un	9	47	0	0.00
um	up	9	25	0	0.00
um	ur	9	31	0	0.00
um	ut	9	56	0	0.00
um	uŋ	9	80	6	0.07
um	ə	9	646	1	0.00
um	əj	9	257	0	0.00
um	ək	9	480	0	0.00
um	əm	9	68	2	0.03
um	ən	9	43	0	0.00
um	əp	9	55	0	0.00
um	ər	9	72	0	0.00
um	ət	9	15	0	0.00
um	əŋ	9	198	0	0.00
un	a	47	1020	0	0.00
un	aj	47	243	0	0.00
un	ak	47	312	0	0.00
un	am	47	33	0	0.00
un	an	47	173	1	0.00
un	ap	47	17	0	0.00
un	ar	47	202	1	0.00
un	at	47	247	0	0.00
un	aw	47	124	0	0.00
un	awk	47	50	0	0.00
un	aŋ	47	1243	0	0.00
un	e	47	39	0	0.00
un	ek	47	49	0	0.00
un	em	47	1	0	0.00
un	en	47	38	0	0.00
un	er	47	2	0	0.00
un	et	47	29	0	0.00
un	ew	47	15	0	0.00
un	ewk	47	40	0	0.00
un	eŋ	47	224	1	0.00
un	ij	47	171	0	0.00
un	ik	47	25	0	0.00
un	im	47	5	0	0.00
un	in	47	87	0	0.00
un	ip	47	6	0	0.00
un	it	47	130	0	0.00
un	iw	47	22	0	0.00
un	iwk	47	12	0	0.00
un	iŋ	47	97	1	0.01
un	o	47	116	0	0.00
un	oj	47	1	0	0.00
un	ok	47	153	0	0.00
un	om	47	5	0	0.00
un	on	47	35	0	0.00
un	op	47	3	0	0.00
un	or	47	14	0	0.00
un	ot	47	9	0	0.00
un	oŋ	47	179	0	0.00
un	u	47	401	0	0.00
un	uj	47	58	0	0.00
un	uk	47	88	0	0.00
un	um	47	9	0	0.00
un	un	47	47	31	0.49
un	up	47	25	0	0.00
un	ur	47	31	8	0.11
un	ut	47	56	0	0.00
un	uŋ	47	80	0	0.00
un	ə	47	646	0	0.00
un	əj	47	257	0	0.00
un	ək	47	480	0	0.00
un	əm	47	68	0	0.00
un	ən	47	43	0	0.00
un	əp	47	55	0	0.00
un	ər	47	72	3	0.03
un	ət	47	15	0	0.00
un	əŋ	47	198	0	0.00
up	a	25	1020	0	0.00
up	aj	25	243	0	0.00
up	ak	25	312	0	0.00
up	am	25	33	0	0.00
up	an	25	173	0	0.00
up	ap	25	17	0	0.00
up	ar	25	202	0	0.00
up	at	25	247	0	0.00
up	aw	25	124	0	0.00
up	awk	25	50	0	0.00
up	aŋ	25	1243	0	0.00
up	e	25	39	0	0.00
up	ek	25	49	0	0.00
up	em	25	1	0	0.00
up	en	25	38	0	0.00
up	er	25	2	0	0.00
up	et	25	29	0	0.00
up	ew	25	15	0	0.00
up	ewk	25	40	0	0.00
up	eŋ	25	224	0	0.00
up	ij	25	171	0	0.00
up	ik	25	25	0	0.00
up	im	25	5	0	0.00
up	in	25	87	3	0.03
up	ip	25	6	0	0.00
up	it	25	130	1	0.01
up	iw	25	22	0	0.00
up	iwk	25	12	0	0.00
up	iŋ	25	97	0	0.00
up	o	25	116	0	0.00
up	oj	25	1	0	0.00
up	ok	25	153	0	0.00
up	om	25	5	0	0.00
up	on	25	35	0	0.00
up	op	25	3	1	0.04
up	or	25	14	0	0.00
up	ot	25	9	0	0.00
up	oŋ	25	179	0	0.00
up	u	25	401	3	0.01
up	uj	25	58	0	0.00
up	uk	25	88	0	0.00
up	um	25	9	0	0.00
up	un	25	47	0	0.00
up	up	25	25	7	0.16
up	ur	25	31	0	0.00
up	ut	25	56	8	0.11
up	uŋ	25	80	0	0.00
up	ə	25	646	0	0.00
up	əj	25	257	0	0.00
up	ək	25	480	1	0.00
up	əm	25	68	0	0.00
up	ən	25	43	0	0.00
up	əp	25	55	0	0.00
up	ər	25	72	0	0.00
up	ət	25	15	0	0.00
up	əŋ	25	198	0	0.00
ur	a	31	1020	0	0.00
ur	aj	31	243	0	0.00
ur	ak	31	312	0	0.00
ur	am	31	33	0	0.00
ur	an	31	173	0	0.00
ur	ap	31	17	0	0.00
ur	ar	31	202	0	0.00
ur	at	31	247	0	0.00
ur	aw	31	124	0	0.00
ur	awk	31	50	0	0.00
ur	aŋ	31	1243	0	0.00
ur	e	31	39	0	0.00
ur	ek	31	49	0	0.00
ur	em	31	1	0	0.00
ur	en	31	38	0	0.00
ur	er	31	2	0	0.00
ur	et	31	29	0	0.00
ur	ew	31	15	0	0.00
ur	ewk	31	40	0	0.00
ur	eŋ	31	224	0	0.00
ur	ij	31	171	1	0.00
ur	ik	31	25	0	0.00
ur	im	31	5	0	0.00
ur	in	31	87	0	0.00
ur	ip	31	6	0	0.00
ur	it	31	130	0	0.00
ur	iw	31	22	0	0.00
ur	iwk	31	12	0	0.00
ur	iŋ	31	97	0	0.00
ur	o	31	116	0	0.00
ur	oj	31	1	0	0.00
ur	ok	31	153	0	0.00
ur	om	31	5	0	0.00
ur	on	31	35	0	0.00
ur	op	31	3	0	0.00
ur	or	31	14	1	0.02
ur	ot	31	9	0	0.00
ur	oŋ	31	179	0	0.00
ur	u	31	401	0	0.00
ur	uj	31	58	3	0.03
ur	uk	31	88	0	0.00
ur	um	31	9	0	0.00
ur	un	31	47	8	0.11
ur	up	31	25	0	0.00
ur	ur	31	31	13	0.27
ur	ut	31	56	0	0.00
ur	uŋ	31	80	0	0.00
ur	ə	31	646	0	0.00
ur	əj	31	257	2	0.01
ur	ək	31	480	0	0.00
ur	əm	31	68	0	0.00
ur	ən	31	43	1	0.01
ur	əp	31	55	0	0.00
ur	ər	31	72	1	0.01
ur	ət	31	15	0	0.00
ur	əŋ	31	198	0	0.00
ut	a	56	1020	0	0.00
ut	aj	56	243	0	0.00
ut	ak	56	312	0	0.00
ut	am	56	33	0	0.00
ut	an	56	173	0	0.00
ut	ap	56	17	0	0.00
ut	ar	56	202	0	0.00
ut	at	56	247	0	0.00
ut	aw	56	124	0	0.00
ut	awk	56	50	0	0.00
ut	aŋ	56	1243	0	0.00
ut	e	56	39	0	0.00
ut	ek	56	49	0	0.00
ut	em	56	1	0	0.00
ut	en	56	38	0	0.00
ut	er	56	2	0	0.00
ut	et	56	29	0	0.00
ut	ew	56	15	0	0.00
ut	ewk	56	40	0	0.00
ut	eŋ	56	224	0	0.00
ut	ij	56	171	0	0.00
ut	ik	56	25	0	0.00
ut	im	56	5	0	0.00
ut	in	56	87	1	0.01
ut	ip	56	6	0	0.00
ut	it	56	130	2	0.01
ut	iw	56	22	0	0.00
ut	iwk	56	12	0	0.00
ut	iŋ	56	97	0	0.00
ut	o	56	116	0	0.00
ut	oj	56	1	0	0.00
ut	ok	56	153	0	0.00
ut	om	56	5	0	0.00
ut	on	56	35	0	0.00
ut	op	56	3	0	0.00
ut	or	56	14	0	0.00
ut	ot	56	9	0	0.00
ut	oŋ	56	179	0	0.00
ut	u	56	401	0	0.00
ut	uj	56	58	1	0.01
ut	uk	56	88	0	0.00
ut	um	56	9	0	0.00
ut	un	56	47	0	0.00
ut	up	56	25	8	0.11
ut	ur	56	31	0	0.00
ut	ut	56	56	35	0.45
ut	uŋ	56	80	0	0.00
ut	ə	56	646	0	0.00
ut	əj	56	257	0	0.00
ut	ək	56	480	0	0.00
ut	əm	56	68	0	0.00
ut	ən	56	43	0	0.00
ut	əp	56	55	5	0.05
ut	ər	56	72	0	0.00
ut	ət	56	15	3	0.04
ut	əŋ	56	198	0	0.00
uŋ	a	80	1020	0	0.00
uŋ	aj	80	243	0	0.00
uŋ	ak	80	312	0	0.00
uŋ	am	80	33	0	0.00
uŋ	an	80	173	0	0.00
uŋ	ap	80	17	0	0.00
uŋ	ar	80	202	0	0.00
uŋ	at	80	247	0	0.00
uŋ	aw	80	124	0	0.00
uŋ	awk	80	50	0	0.00
uŋ	aŋ	80	1243	0	0.00
uŋ	e	80	39	0	0.00
uŋ	ek	80	49	0	0.00
uŋ	em	80	1	0	0.00
uŋ	en	80	38	0	0.00
uŋ	er	80	2	0	0.00
uŋ	et	80	29	0	0.00
uŋ	ew	80	15	0	0.00
uŋ	ewk	80	40	0	0.00
uŋ	eŋ	80	224	0	0.00
uŋ	ij	80	171	0	0.00
uŋ	ik	80	25	0	0.00
uŋ	im	80	5	0	0.00
uŋ	in	80	87	1	0.01
uŋ	ip	80	6	0	0.00
uŋ	it	80	130	0	0.00
uŋ	iw	80	22	0	0.00
uŋ	iwk	80	12	0	0.00
uŋ	iŋ	80	97	0	0.00
uŋ	o	80	116	1	0.01
uŋ	oj	80	1	0	0.00
uŋ	ok	80	153	0	0.00
uŋ	om	80	5	0	0.00
uŋ	on	80	35	0	0.00
uŋ	op	80	3	0	0.00
uŋ	or	80	14	0	0.00
uŋ	ot	80	9	0	0.00
uŋ	oŋ	80	179	9	0.04
uŋ	u	80	401	1	0.00
uŋ	uj	80	58	0	0.00
uŋ	uk	80	88	0	0.00
uŋ	um	80	9	6	0.07
uŋ	un	80	47	0	0.00
uŋ	up	80	25	0	0.00
uŋ	ur	80	31	0	0.00
uŋ	ut	80	56	0	0.00
uŋ	uŋ	80	80	53	0.50
uŋ	ə	80	646	0	0.00
uŋ	əj	80	257	0	0.00
uŋ	ək	80	480	1	0.00
uŋ	əm	80	68	5	0.03
uŋ	ən	80	43	0	0.00
uŋ	əp	80	55	0	0.00
uŋ	ər	80	72	0	0.00
uŋ	ət	80	15	0	0.00
uŋ	əŋ	80	198	2	0.01
ə	a	646	1020	1	0.00
ə	aj	646	243	1	0.00
ə	ak	646	312	4	0.00
ə	am	646	33	0	0.00
ə	an	646	173	0	0.00
ə	ap	646	17	0	0.00
ə	ar	646	202	6	0.01
ə	at	646	247	0	0.00
ə	aw	646	124	0	0.00
ə	awk	646	50	0	0.00
ə	aŋ	646	1243	0	0.00
ə	e	646	39	0	0.00
ə	ek	646	49	0	0.00
ə	em	646	1	0	0.00
ə	en	646	38	0	0.00
ə	er	646	2	0	0.00
ə	et	646	29	0	0.00
ə	ew	646	15	0	0.00
ə	ewk	646	40	0	0.00
ə	eŋ	646	224	4	0.00
ə	ij	646	171	0	0.00
ə	ik	646	25	0	0.00
ə	im	646	5	0	0.00
ə	in	646	87	1	0.00
ə	ip	646	6	0	0.00
ə	it	646	130	2	0.00
ə	iw	646	22	0	0.00
ə	iwk	646	12	0	0.00
ə	iŋ	646	97	0	0.00
ə	o	646	116	1	0.00
ə	oj	646	1	0	0.00
ə	ok	646	153	0	0.00
ə	om	646	5	0	0.00
ə	on	646	35	0	0.00
ə	op	646	3	0	0.00
ə	or	646	14	4	0.01
ə	ot	646	9	0	0.00
ə	oŋ	646	179	4	0.00
ə	u	646	401	1	0.00
ə	uj	646	58	0	0.00
ə	uk	646	88	0	0.00
ə	um	646	9	1	0.00
ə	un	646	47	0	0.00
ə	up	646	25	0	0.00
ə	ur	646	31	0	0.00
ə	ut	646	56	0	0.00
ə	uŋ	646	80	0	0.00
ə	ə	646	646	537	0.71
ə	əj	646	257	5	0.01
ə	ək	646	480	47	0.04
ə	əm	646	68	0	0.00
ə	ən	646	43	8	0.01
ə	əp	646	55	7	0.01
ə	ər	646	72	0	0.00
ə	ət	646	15	4	0.01
ə	əŋ	646	198	7	0.01
əj	a	257	1020	0	0.00
əj	aj	257	243	0	0.00
əj	ak	257	312	2	0.00
əj	am	257	33	0	0.00
əj	an	257	173	0	0.00
əj	ap	257	17	0	0.00
əj	ar	257	202	0	0.00
əj	at	257	247	0	0.00
əj	aw	257	124	0	0.00
əj	awk	257	50	0	0.00
əj	aŋ	257	1243	0	0.00
əj	e	257	39	0	0.00
əj	ek	257	49	0	0.00
əj	em	257	1	0	0.00
əj	en	257	38	1	0.00
əj	er	257	2	0	0.00
əj	et	257	29	0	0.00
əj	ew	257	15	0	0.00
əj	ewk	257	40	0	0.00
əj	eŋ	257	224	0	0.00
əj	ij	257	171	36	0.09
əj	ik	257	25	0	0.00
əj	im	257	5	0	0.00
əj	in	257	87	0	0.00
əj	ip	257	6	0	0.00
əj	it	257	130	3	0.01
əj	iw	257	22	0	0.00
əj	iwk	257	12	0	0.00
əj	iŋ	257	97	0	0.00
əj	o	257	116	0	0.00
əj	oj	257	1	0	0.00
əj	ok	257	153	0	0.00
əj	om	257	5	0	0.00
əj	on	257	35	0	0.00
əj	op	257	3	0	0.00
əj	or	257	14	0	0.00
əj	ot	257	9	1	0.00
əj	oŋ	257	179	0	0.00
əj	u	257	401	1	0.00
əj	uj	257	58	5	0.02
əj	uk	257	88	0	0.00
əj	um	257	9	0	0.00
əj	un	257	47	0	0.00
əj	up	257	25	0	0.00
əj	ur	257	31	2	0.01
əj	ut	257	56	0	0.00
əj	uŋ	257	80	0	0.00
əj	ə	257	646	5	0.01
əj	əj	257	257	177	0.53
əj	ək	257	480	6	0.01
əj	əm	257	68	0	0.00
əj	ən	257	43	0	0.00
əj	əp	257	55	0	0.00
əj	ər	257	72	16	0.05
əj	ət	257	15	1	0.00
əj	əŋ	257	198	0	0.00
ək	a	480	1020	0	0.00
ək	aj	480	243	0	0.00
ək	ak	480	312	3	0.00
ək	am	480	33	0	0.00
ək	an	480	173	1	0.00
ək	ap	480	17	0	0.00
ək	ar	480	202	3	0.00
ək	at	480	247	0	0.00
ək	aw	480	124	0	0.00
ək	awk	480	50	0	0.00
ək	aŋ	480	1243	0	0.00
ək	e	480	39	0	0.00
ək	ek	480	49	0	0.00
ək	em	480	1	0	0.00
ək	en	480	38	0	0.00
ək	er	480	2	0	0.00
ək	et	480	29	0	0.00
ək	ew	480	15	0	0.00
ək	ewk	480	40	0	0.00
ək	eŋ	480	224	0	0.00
ək	ij	480	171	0	0.00
ək	ik	480	25	2	0.00
ək	im	480	5	0	0.00
ək	in	480	87	0	0.00
ək	ip	480	6	0	0.00
ək	it	480	130	0	0.00
ək	iw	480	22	0	0.00
ək	iwk	480	12	0	0.00
ək	iŋ	480	97	0	0.00
ək	o	480	116	0	0.00
ək	oj	480	1	0	0.00
ək	ok	480	153	0	0.00
ək	om	480	5	0	0.00
ək	on	480	35	1	0.00
ək	op	480	3	0	0.00
ək	or	480	14	0	0.00
ək	ot	480	9	0	0.00
ək	oŋ	480	179	0	0.00
ək	u	480	401	1	0.00
ək	uj	480	58	0	0.00
ək	uk	480	88	5	0.01
ək	um	480	9	0	0.00
ək	un	480	47	0	0.00
ək	up	480	25	1	0.00
ək	ur	480	31	0	0.00
ək	ut	480	56	0	0.00
ək	uŋ	480	80	1	0.00
ək	ə	480	646	47	0.04
ək	əj	480	257	6	0.01
ək	ək	480	480	381	0.66
ək	əm	480	68	0	0.00
ək	ən	480	43	0	0.00
ək	əp	480	55	26	0.05
ək	ər	480	72	0	0.00
ək	ət	480	15	0	0.00
ək	əŋ	480	198	1	0.00
əm	a	68	1020	0	0.00
əm	aj	68	243	0	0.00
əm	ak	68	312	0	0.00
əm	am	68	33	1	0.01
əm	an	68	173	0	0.00
əm	ap	68	17	0	0.00
əm	ar	68	202	0	0.00
əm	at	68	247	0	0.00
əm	aw	68	124	0	0.00
əm	awk	68	50	0	0.00
əm	aŋ	68	1243	0	0.00
əm	e	68	39	0	0.00
əm	ek	68	49	0	0.00
əm	em	68	1	0	0.00
əm	en	68	38	0	0.00
əm	er	68	2	0	0.00
əm	et	68	29	0	0.00
əm	ew	68	15	0	0.00
əm	ewk	68	40	0	0.00
əm	eŋ	68	224	0	0.00
əm	ij	68	171	2	0.01
əm	ik	68	25	0	0.00
əm	im	68	5	1	0.01
əm	in	68	87	0	0.00
əm	ip	68	6	0	0.00
əm	it	68	130	1	0.01
əm	iw	68	22	0	0.00
əm	iwk	68	12	0	0.00
əm	iŋ	68	97	0	0.00
əm	o	68	116	0	0.00
əm	oj	68	1	0	0.00
əm	ok	68	153	0	0.00
əm	om	68	5	0	0.00
əm	on	68	35	0	0.00
əm	op	68	3	0	0.00
əm	or	68	14	0	0.00
əm	ot	68	9	0	0.00
əm	oŋ	68	179	0	0.00
əm	u	68	401	0	0.00
əm	uj	68	58	0	0.00
əm	uk	68	88	0	0.00
əm	um	68	9	2	0.03
əm	un	68	47	0	0.00
əm	up	68	25	0	0.00
əm	ur	68	31	0	0.00
əm	ut	68	56	0	0.00
əm	uŋ	68	80	5	0.03
əm	ə	68	646	0	0.00
əm	əj	68	257	0	0.00
əm	ək	68	480	0	0.00
əm	əm	68	68	45	0.49
əm	ən	68	43	0	0.00
əm	əp	68	55	0	0.00
əm	ər	68	72	0	0.00
əm	ət	68	15	0	0.00
əm	əŋ	68	198	10	0.04
ən	a	43	1020	1	0.00
ən	aj	43	243	0	0.00
ən	ak	43	312	0	0.00
ən	am	43	33	0	0.00
ən	an	43	173	0	0.00
ən	ap	43	17	0	0.00
ən	ar	43	202	0	0.00
ən	at	43	247	0	0.00
ən	aw	43	124	0	0.00
ən	awk	43	50	0	0.00
ən	aŋ	43	1243	0	0.00
ən	e	43	39	0	0.00
ən	ek	43	49	0	0.00
ən	em	43	1	0	0.00
ən	en	43	38	0	0.00
ən	er	43	2	0	0.00
ən	et	43	29	0	0.00
ən	ew	43	15	0	0.00
ən	ewk	43	40	0	0.00
ən	eŋ	43	224	0	0.00
ən	ij	43	171	0	0.00
ən	ik	43	25	0	0.00
ən	im	43	5	0	0.00
ən	in	43	87	1	0.01
ən	ip	43	6	0	0.00
ən	it	43	130	0	0.00
ən	iw	43	22	0	0.00
ən	iwk	43	12	0	0.00
ən	iŋ	43	97	1	0.01
ən	o	43	116	0	0.00
ən	oj	43	1	0	0.00
ən	ok	43	153	0	0.00
ən	om	43	5	0	0.00
ən	on	43	35	0	0.00
ən	op	43	3	0	0.00
ən	or	43	14	0	0.00
ən	ot	43	9	0	0.00
ən	oŋ	43	179	0	0.00
ən	u	43	401	0	0.00
ən	uj	43	58	0	0.00
ən	uk	43	88	0	0.00
ən	um	43	9	0	0.00
ən	un	43	47	0	0.00
ən	up	43	25	0	0.00
ən	ur	43	31	1	0.01
ən	ut	43	56	0	0.00
ən	uŋ	43	80	0	0.00
ən	ə	43	646	8	0.01
ən	əj	43	257	0	0.00
ən	ək	43	480	0	0.00
ən	əm	43	68	0	0.00
ən	ən	43	43	21	0.32
ən	əp	43	55	0	0.00
ən	ər	43	72	9	0.08
ən	ət	43	15	0	0.00
ən	əŋ	43	198	0	0.00
əp	a	55	1020	0	0.00
əp	aj	55	243	0	0.00
əp	ak	55	312	1	0.00
əp	am	55	33	0	0.00
əp	an	55	173	0	0.00
əp	ap	55	17	2	0.03
əp	ar	55	202	0	0.00
əp	at	55	247	0	0.00
əp	aw	55	124	0	0.00
əp	awk	55	50	0	0.00
əp	aŋ	55	1243	0	0.00
əp	e	55	39	0	0.00
əp	ek	55	49	0	0.00
əp	em	55	1	0	0.00
əp	en	55	38	0	0.00
əp	er	55	2	0	0.00
əp	et	55	29	0	0.00
əp	ew	55	15	0	0.00
əp	ewk	55	40	0	0.00
əp	eŋ	55	224	0	0.00
əp	ij	55	171	0	0.00
əp	ik	55	25	0	0.00
əp	im	55	5	0	0.00
əp	in	55	87	0	0.00
əp	ip	55	6	2	0.03
əp	it	55	130	1	0.01
əp	iw	55	22	0	0.00
əp	iwk	55	12	0	0.00
əp	iŋ	55	97	0	0.00
əp	o	55	116	0	0.00
əp	oj	55	1	0	0.00
əp	ok	55	153	0	0.00
əp	om	55	5	0	0.00
əp	on	55	35	0	0.00
əp	op	55	3	2	0.04
əp	or	55	14	0	0.00
əp	ot	55	9	0	0.00
əp	oŋ	55	179	0	0.00
əp	u	55	401	0	0.00
əp	uj	55	58	0	0.00
əp	uk	55	88	0	0.00
əp	um	55	9	0	0.00
əp	un	55	47	0	0.00
əp	up	55	25	0	0.00
əp	ur	55	31	0	0.00
əp	ut	55	56	5	0.05
əp	uŋ	55	80	0	0.00
əp	ə	55	646	7	0.01
əp	əj	55	257	0	0.00
əp	ək	55	480	26	0.05
əp	əm	55	68	0	0.00
əp	ən	55	43	0	0.00
əp	əp	55	55	5	0.05
əp	ər	55	72	0	0.00
əp	ət	55	15	3	0.04
əp	əŋ	55	198	0	0.00
ər	a	72	1020	0	0.00
ər	aj	72	243	0	0.00
ər	ak	72	312	0	0.00
ər	am	72	33	0	0.00
ər	an	72	173	0	0.00
ər	ap	72	17	0	0.00
ər	ar	72	202	4	0.01
ər	at	72	247	0	0.00
ər	aw	72	124	0	0.00
ər	awk	72	50	0	0.00
ər	aŋ	72	1243	0	0.00
ər	e	72	39	0	0.00
ər	ek	72	49	0	0.00
ər	em	72	1	0	0.00
ər	en	72	38	0	0.00
ər	er	72	2	0	0.00
ər	et	72	29	0	0.00
ər	ew	72	15	0	0.00
ər	ewk	72	40	0	0.00
ər	eŋ	72	224	0	0.00
ər	ij	72	171	5	0.02
ər	ik	72	25	0	0.00
ər	im	72	5	0	0.00
ər	in	72	87	0	0.00
ər	ip	72	6	0	0.00
ər	it	72	130	0	0.00
ər	iw	72	22	0	0.00
ər	iwk	72	12	0	0.00
ər	iŋ	72	97	0	0.00
ər	o	72	116	0	0.00
ər	oj	72	1	0	0.00
ər	ok	72	153	0	0.00
ər	om	72	5	0	0.00
ər	on	72	35	0	0.00
ər	op	72	3	0	0.00
ər	or	72	14	0	0.00
ər	ot	72	9	0	0.00
ər	oŋ	72	179	0	0.00
ər	u	72	401	0	0.00
ər	uj	72	58	0	0.00
ər	uk	72	88	0	0.00
ər	um	72	9	0	0.00
ər	un	72	47	3	0.03
ər	up	72	25	0	0.00
ər	ur	72	31	1	0.01
ər	ut	72	56	0	0.00
ər	uŋ	72	80	0	0.00
ər	ə	72	646	0	0.00
ər	əj	72	257	16	0.05
ər	ək	72	480	0	0.00
ər	əm	72	68	0	0.00
ər	ən	72	43	9	0.08
ər	əp	72	55	0	0.00
ər	ər	72	72	33	0.30
ər	ət	72	15	0	0.00
ər	əŋ	72	198	0	0.00
ət	a	15	1020	0	0.00
ət	aj	15	243	0	0.00
ət	ak	15	312	0	0.00
ət	am	15	33	0	0.00
ət	an	15	173	0	0.00
ət	ap	15	17	0	0.00
ət	ar	15	202	0	0.00
ət	at	15	247	0	0.00
ət	aw	15	124	0	0.00
ət	awk	15	50	0	0.00
ət	aŋ	15	1243	0	0.00
ət	e	15	39	0	0.00
ət	ek	15	49	0	0.00
ət	em	15	1	0	0.00
ət	en	15	38	0	0.00
ət	er	15	2	0	0.00
ət	et	15	29	0	0.00
ət	ew	15	15	0	0.00
ət	ewk	15	40	0	0.00
ət	eŋ	15	224	0	0.00
ət	ij	15	171	0	0.00
ət	ik	15	25	0	0.00
ət	im	15	5	0	0.00
ət	in	15	87	0	0.00
ət	ip	15	6	0	0.00
ət	it	15	130	0	0.00
ət	iw	15	22	0	0.00
ət	iwk	15	12	0	0.00
ət	iŋ	15	97	0	0.00
ət	o	15	116	0	0.00
ət	oj	15	1	0	0.00
ət	ok	15	153	0	0.00
ət	om	15	5	0	0.00
ət	on	15	35	0	0.00
ət	op	15	3	0	0.00
ət	or	15	14	0	0.00
ət	ot	15	9	0	0.00
ət	oŋ	15	179	0	0.00
ət	u	15	401	0	0.00
ət	uj	15	58	0	0.00
ət	uk	15	88	0	0.00
ət	um	15	9	0	0.00
ət	un	15	47	0	0.00
ət	up	15	25	0	0.00
ət	ur	15	31	0	0.00
ət	ut	15	56	3	0.04
ət	uŋ	15	80	0	0.00
ət	ə	15	646	4	0.01
ət	əj	15	257	1	0.00
ət	ək	15	480	0	0.00
ət	əm	15	68	0	0.00
ət	ən	15	43	0	0.00
ət	əp	15	55	3	0.04
ət	ər	15	72	0	0.00
ət	ət	15	15	3	0.11
ət	əŋ	15	198	0	0.00
əŋ	a	198	1020	2	0.00
əŋ	aj	198	243	0	0.00
əŋ	ak	198	312	0	0.00
əŋ	am	198	33	0	0.00
əŋ	an	198	173	0	0.00
əŋ	ap	198	17	0	0.00
əŋ	ar	198	202	0	0.00
əŋ	at	198	247	0	0.00
əŋ	aw	198	124	0	0.00
əŋ	awk	198	50	0	0.00
əŋ	aŋ	198	1243	0	0.00
əŋ	e	198	39	0	0.00
əŋ	ek	198	49	0	0.00
əŋ	em	198	1	0	0.00
əŋ	en	198	38	0	0.00
əŋ	er	198	2	0	0.00
əŋ	et	198	29	0	0.00
əŋ	ew	198	15	0	0.00
əŋ	ewk	198	40	0	0.00
əŋ	eŋ	198	224	0	0.00
əŋ	ij	198	171	0	0.00
əŋ	ik	198	25	0	0.00
əŋ	im	198	5	0	0.00
əŋ	in	198	87	0	0.00
əŋ	ip	198	6	0	0.00
əŋ	it	198	130	0	0.00
əŋ	iw	198	22	0	0.00
əŋ	iwk	198	12	0	0.00
əŋ	iŋ	198	97	0	0.00
əŋ	o	198	116	0	0.00
əŋ	oj	198	1	0	0.00
əŋ	ok	198	153	0	0.00
əŋ	om	198	5	0	0.00
əŋ	on	198	35	0	0.00
əŋ	op	198	3	0	0.00
əŋ	or	198	14	0	0.00
əŋ	ot	198	9	0	0.00
əŋ	oŋ	198	179	0	0.00
əŋ	u	198	401	0	0.00
əŋ	uj	198	58	0	0.00
əŋ	uk	198	88	0	0.00
əŋ	um	198	9	0	0.00
əŋ	un	198	47	0	0.00
əŋ	up	198	25	0	0.00
əŋ	ur	198	31	0	0.00
əŋ	ut	198	56	0	0.00
əŋ	uŋ	198	80	2	0.01
əŋ	ə	198	646	7	0.01
əŋ	əj	198	257	0	0.00
əŋ	ək	198	480	1	0.00
əŋ	əm	198	68	10	0.04
əŋ	ən	198	43	0	0.00
əŋ	əp	198	55	0	0.00
əŋ	ər	198	72	0	0.00
əŋ	ət	198	15	0	0.00
əŋ	əŋ	198	198	175	0.79
